id,latitude,longitude,crime_type,date,severity
1,-12.008898,-77.048200,Asalto,2024-06-09 15:05:26.36+00,5
2,-12.002515,-77.076095,Robo,2023-10-03 15:05:26.36+00,2
3,-12.076335,-77.037507,Secuestro,2024-04-24 15:05:26.36+00,7
4,-12.020976,-77.096229,Robo,2024-07-11 15:05:26.36+00,9
5,-12.044842,-77.057530,Asalto,2024-01-09 15:05:26.36+00,10
6,-12.080045,-77.019430,Robo,2023-12-18 15:05:26.36+00,9
7,-12.093191,-77.050448,Homicidio,2024-09-05 15:05:26.36+00,3
8,-12.098001,-77.077908,Robo,2024-09-11 15:05:26.36+00,9
9,-12.015687,-77.024902,Robo,2024-04-01 15:05:26.36+00,1
10,-12.083517,-77.067781,Homicidio,2024-08-14 15:05:26.36+00,7
11,-12.070260,-77.041477,Secuestro,2024-09-12 15:05:26.36+00,5
12,-12.043586,-77.068285,Agresión Sexual,2024-03-01 15:05:26.36+00,1
13,-12.015299,-77.057413,Homicidio,2024-07-16 15:05:26.36+00,8
14,-12.001492,-77.026355,Robo,2023-12-14 15:05:26.36+00,7
15,-12.063204,-77.080919,Robo,2023-10-18 15:05:26.36+00,9
16,-12.017469,-77.040836,Asalto,2023-10-06 15:05:26.36+00,8
17,-12.012202,-77.036131,Homicidio,2023-12-08 15:05:26.36+00,2
18,-12.007744,-77.002473,Asalto,2024-07-30 15:05:26.36+00,9
19,-12.004087,-77.069008,Secuestro,2024-02-08 15:05:26.36+00,2
20,-12.000766,-77.072714,Robo,2023-09-29 15:05:26.36+00,4
21,-12.064665,-77.086306,Agresión Sexual,2024-02-02 15:05:26.36+00,8
22,-12.083938,-77.042769,Asalto,2024-01-28 15:05:26.36+00,9
23,-12.012393,-77.072607,Secuestro,2023-11-29 15:05:26.36+00,4
24,-12.064787,-77.096532,Robo,2024-05-29 15:05:26.36+00,9
25,-12.037472,-77.006589,Agresión Sexual,2023-12-02 15:05:26.36+00,6
26,-12.011552,-77.075688,Robo,2024-06-24 15:05:26.36+00,2
27,-12.062992,-77.090950,Homicidio,2024-05-20 15:05:26.36+00,5
28,-12.078539,-77.030238,Agresión Sexual,2024-04-10 15:05:26.36+00,9
29,-12.008462,-77.044662,Robo,2024-08-30 15:05:26.36+00,1
30,-12.070782,-77.068605,Asalto,2024-05-27 15:05:26.36+00,9
31,-12.072995,-77.081092,Robo,2024-07-09 15:05:26.36+00,4
32,-12.038596,-77.093686,Agresión Sexual,2024-02-15 15:05:26.36+00,6
33,-12.098281,-77.060917,Homicidio,2024-05-04 15:05:26.36+00,6
34,-12.026687,-77.080165,Homicidio,2024-05-26 15:05:26.36+00,6
35,-12.076708,-77.026637,Robo,2023-12-21 15:05:26.36+00,5
36,-12.073152,-77.033353,Asalto,2024-01-13 15:05:26.36+00,7
37,-12.050309,-77.012056,Homicidio,2024-06-24 15:05:26.36+00,10
38,-12.004782,-77.080977,Asalto,2024-05-05 15:05:26.36+00,6
39,-12.069318,-77.087404,Secuestro,2024-08-05 15:05:26.36+00,4
40,-12.090057,-77.072448,Secuestro,2024-09-16 15:05:26.36+00,10
41,-12.052525,-77.015024,Homicidio,2024-08-07 15:05:26.36+00,9
42,-12.004938,-77.014113,Agresión Sexual,2024-07-27 15:05:26.36+00,8
43,-12.021643,-77.043978,Homicidio,2024-09-07 15:05:26.36+00,4
44,-12.093734,-77.094468,Homicidio,2024-04-19 15:05:26.36+00,3
45,-12.020728,-77.059583,Robo,2023-11-02 15:05:26.36+00,3
46,-12.025247,-77.076958,Secuestro,2023-09-26 15:05:26.36+00,3
47,-12.011512,-77.086963,Agresión Sexual,2024-05-29 15:05:26.36+00,7
48,-12.088761,-77.028141,Secuestro,2023-10-11 15:05:26.36+00,6
49,-12.040570,-77.051991,Homicidio,2024-04-02 15:05:26.36+00,6
50,-12.020107,-77.037836,Homicidio,2024-08-12 15:05:26.36+00,5
51,-12.069286,-77.016303,Homicidio,2024-03-27 15:05:26.36+00,3
52,-12.022145,-77.006544,Agresión Sexual,2024-05-24 15:05:26.36+00,9
53,-12.014411,-77.077220,Secuestro,2024-03-25 15:05:26.36+00,10
54,-12.022353,-77.012047,Secuestro,2023-12-10 15:05:26.36+00,1
55,-12.030436,-77.043411,Robo,2023-12-21 15:05:26.36+00,2
56,-12.066695,-77.087267,Asalto,2023-11-08 15:05:26.36+00,9
57,-12.024183,-77.078876,Robo,2024-04-23 15:05:26.36+00,5
58,-12.067472,-77.034372,Agresión Sexual,2024-03-26 15:05:26.36+00,8
59,-12.078822,-77.072486,Homicidio,2023-11-17 15:05:26.36+00,7
60,-12.082935,-77.053911,Robo,2024-07-10 15:05:26.36+00,3
61,-12.071211,-77.098879,Agresión Sexual,2023-11-02 15:05:26.36+00,6
62,-12.024257,-77.091783,Asalto,2023-12-09 15:05:26.36+00,8
63,-12.008700,-77.061234,Robo,2023-12-18 15:05:26.36+00,4
64,-12.062386,-77.065707,Asalto,2023-10-26 15:05:26.36+00,8
65,-12.002252,-77.045846,Homicidio,2024-08-10 15:05:26.36+00,8
66,-12.002861,-77.074654,Robo,2024-08-29 15:05:26.36+00,8
67,-12.081660,-77.063883,Secuestro,2023-10-17 15:05:26.36+00,7
68,-12.051792,-77.083126,Asalto,2024-08-30 15:05:26.36+00,2
69,-12.017882,-77.004417,Secuestro,2024-02-26 15:05:26.36+00,7
70,-12.039140,-77.094248,Secuestro,2024-04-08 15:05:26.36+00,7
71,-12.059965,-77.058736,Homicidio,2024-09-21 15:05:26.36+00,2
72,-12.096687,-77.004744,Asalto,2023-11-19 15:05:26.36+00,6
73,-12.098771,-77.071650,Secuestro,2024-03-31 15:05:26.36+00,4
74,-12.088943,-77.085324,Agresión Sexual,2024-04-21 15:05:26.36+00,1
75,-12.039851,-77.095063,Robo,2023-12-08 15:05:26.36+00,3
76,-12.088670,-77.045084,Agresión Sexual,2024-03-16 15:05:26.36+00,9
77,-12.016049,-77.098816,Robo,2024-08-31 15:05:26.36+00,2
78,-12.077863,-77.062835,Agresión Sexual,2024-09-03 15:05:26.36+00,1
79,-12.087350,-77.015632,Asalto,2024-02-08 15:05:26.36+00,1
80,-12.037816,-77.060880,Asalto,2024-05-04 15:05:26.36+00,7
81,-12.026646,-77.077085,Asalto,2023-11-17 15:05:26.36+00,9
82,-12.085803,-77.058793,Homicidio,2023-10-26 15:05:26.36+00,10
83,-12.055605,-77.000903,Agresión Sexual,2024-08-15 15:05:26.36+00,1
84,-12.095020,-77.001770,Homicidio,2024-09-16 15:05:26.36+00,9
85,-12.090584,-77.076258,Secuestro,2024-04-25 15:05:26.36+00,3
86,-12.016131,-77.016689,Secuestro,2023-12-27 15:05:26.36+00,6
87,-12.017418,-77.004304,Asalto,2023-10-19 15:05:26.36+00,9
88,-12.072152,-77.022817,Agresión Sexual,2024-09-08 15:05:26.36+00,1
89,-12.062008,-77.021359,Homicidio,2024-09-20 15:05:26.36+00,2
90,-12.081442,-77.017022,Robo,2024-08-31 15:05:26.36+00,7
96,-12.070855,-77.025432,Secuestro,2024-01-23 15:05:26.36+00,5
91,-12.080580,-77.063289,Agresión Sexual,2024-06-12 15:05:26.36+00,1
92,-12.041594,-77.091741,Asalto,2024-04-19 15:05:26.36+00,10
93,-12.006924,-77.079462,Robo,2023-10-10 15:05:26.36+00,6
94,-12.098149,-77.027905,Agresión Sexual,2024-06-09 15:05:26.36+00,7
95,-12.026283,-77.090886,Agresión Sexual,2023-12-21 15:05:26.36+00,5
97,-12.097242,-77.048119,Homicidio,2023-10-30 15:05:26.36+00,4
98,-12.017886,-77.078246,Homicidio,2024-02-16 15:05:26.36+00,4
99,-12.070331,-77.078620,Secuestro,2024-04-28 15:05:26.36+00,8
100,-12.069207,-77.051682,Secuestro,2023-12-28 15:05:26.36+00,1
133,-12.001861,-77.013268,Secuestro,2024-06-04 15:14:19.922+00,10
134,-12.026565,-77.081875,Secuestro,2023-11-06 15:14:19.922+00,6
135,-12.021508,-77.060474,Robo,2023-12-26 15:14:19.922+00,9
136,-12.086938,-77.067171,Agresión Sexual,2024-09-20 15:14:19.922+00,8
137,-12.010441,-77.005297,Secuestro,2024-01-22 15:14:19.922+00,2
138,-12.039172,-77.029282,Asalto,2023-10-03 15:14:19.922+00,4
139,-12.065524,-77.091546,Asalto,2024-02-11 15:14:19.922+00,3
140,-12.062528,-77.065140,Secuestro,2023-10-31 15:14:19.922+00,3
141,-12.090316,-77.027463,Asalto,2024-05-31 15:14:19.922+00,5
142,-12.056258,-77.039293,Secuestro,2023-12-07 15:14:19.922+00,7
143,-12.058512,-77.063924,Homicidio,2023-12-05 15:14:19.922+00,9
144,-12.066903,-77.095192,Asalto,2024-07-16 15:14:19.922+00,5
145,-12.063140,-77.017179,Agresión Sexual,2023-09-23 15:14:19.922+00,8
146,-12.006397,-77.007405,Asalto,2024-07-03 15:14:19.922+00,1
147,-12.031466,-77.017074,Asalto,2024-03-08 15:14:19.922+00,3
148,-12.020619,-77.075983,Robo,2023-12-11 15:14:19.922+00,3
149,-12.080382,-77.094749,Homicidio,2024-05-16 15:14:19.922+00,6
150,-12.067009,-77.002584,Robo,2024-07-18 15:14:19.922+00,4
151,-12.021582,-77.037187,Asalto,2023-12-07 15:14:19.922+00,2
152,-12.076163,-77.070258,Asalto,2024-03-21 15:14:19.922+00,6
153,-12.030403,-77.064097,Asalto,2023-11-20 15:14:19.922+00,6
154,-12.080089,-77.082279,Asalto,2023-12-01 15:14:19.922+00,1
155,-12.076199,-77.020037,Secuestro,2023-10-11 15:14:19.922+00,10
156,-12.085558,-77.072317,Agresión Sexual,2023-12-10 15:14:19.922+00,10
157,-12.035690,-77.022901,Agresión Sexual,2024-06-23 15:14:19.922+00,3
158,-12.034985,-77.079133,Asalto,2024-01-01 15:14:19.922+00,8
159,-12.099372,-77.055918,Asalto,2024-03-13 15:14:19.922+00,10
160,-12.042735,-77.069366,Secuestro,2024-03-27 15:14:19.922+00,4
161,-12.070759,-77.089271,Homicidio,2024-03-22 15:14:19.922+00,2
162,-12.074735,-77.054682,Secuestro,2023-10-05 15:14:19.922+00,6
163,-12.040070,-77.042314,Asalto,2024-06-09 15:14:19.922+00,10
164,-12.013395,-77.035934,Homicidio,2023-11-05 15:14:19.922+00,4
165,-12.016604,-77.065372,Robo,2024-08-19 15:14:19.922+00,6
166,-12.086896,-77.047346,Asalto,2023-10-09 15:14:19.922+00,10
167,-12.077607,-77.089365,Secuestro,2024-01-05 15:14:19.922+00,3
168,-12.094321,-77.000238,Asalto,2023-11-19 15:14:19.922+00,4
169,-12.041634,-77.066615,Agresión Sexual,2023-12-21 15:14:19.922+00,7
170,-12.080738,-77.048372,Robo,2023-11-19 15:14:19.922+00,8
171,-12.065275,-77.000629,Homicidio,2024-06-25 15:14:19.922+00,7
172,-12.026241,-77.026137,Agresión Sexual,2024-07-07 15:14:19.922+00,8
173,-12.056532,-77.048242,Robo,2024-08-03 15:14:19.922+00,7
174,-12.007292,-77.033383,Agresión Sexual,2023-12-05 15:14:19.922+00,4
175,-12.004186,-77.054508,Agresión Sexual,2024-06-22 15:14:19.922+00,9
176,-12.058844,-77.056726,Asalto,2023-12-02 15:14:19.922+00,6
177,-12.071255,-77.049307,Homicidio,2024-08-07 15:14:19.922+00,6
178,-12.082520,-77.040190,Agresión Sexual,2024-01-17 15:14:19.922+00,4
179,-12.077591,-77.013911,Agresión Sexual,2024-02-28 15:14:19.922+00,7
180,-12.016365,-77.037961,Robo,2024-04-02 15:14:19.922+00,7
181,-12.026140,-77.091629,Asalto,2024-06-07 15:14:19.922+00,9
182,-12.053364,-77.032284,Homicidio,2023-11-26 15:14:19.922+00,8
183,-12.054470,-77.018883,Secuestro,2024-08-27 15:14:19.922+00,6
184,-12.035298,-77.026021,Secuestro,2024-08-27 15:14:19.922+00,1
185,-12.066117,-77.005360,Robo,2024-09-07 15:14:19.922+00,6
186,-12.087146,-77.040610,Homicidio,2024-02-22 15:14:19.922+00,5
187,-12.026695,-77.075776,Secuestro,2024-05-24 15:14:19.922+00,1
188,-12.087773,-77.039337,Homicidio,2024-03-05 15:14:19.922+00,9
189,-12.084864,-77.071965,Robo,2024-02-06 15:14:19.922+00,1
190,-12.096421,-77.065229,Secuestro,2023-10-23 15:14:19.922+00,7
191,-12.057162,-77.057587,Agresión Sexual,2023-11-15 15:14:19.922+00,3
192,-12.039132,-77.036451,Robo,2023-10-19 15:14:19.922+00,5
193,-12.098341,-77.008551,Secuestro,2024-06-28 15:14:19.922+00,8
194,-12.003289,-77.094966,Homicidio,2024-06-25 15:14:19.922+00,6
195,-12.071056,-77.013065,Robo,2024-07-30 15:14:19.922+00,4
196,-12.097017,-77.039938,Robo,2024-05-23 15:14:19.922+00,1
197,-12.083051,-77.050059,Secuestro,2023-10-15 15:14:19.922+00,10
198,-12.036402,-77.050397,Secuestro,2024-06-19 15:14:19.922+00,1
199,-12.080820,-77.056640,Agresión Sexual,2024-07-14 15:14:19.922+00,2
200,-12.089151,-77.062613,Agresión Sexual,2023-12-09 15:14:19.922+00,5
201,-12.003918,-77.097859,Agresión Sexual,2023-09-29 15:14:19.922+00,5
202,-12.067425,-77.076090,Asalto,2023-09-23 15:14:19.922+00,9
203,-12.071707,-77.003422,Asalto,2024-02-02 15:14:19.922+00,6
204,-12.081546,-77.039274,Agresión Sexual,2024-02-26 15:14:19.922+00,1
205,-12.093311,-77.027123,Homicidio,2024-03-26 15:14:19.922+00,6
206,-12.033140,-77.018703,Secuestro,2024-01-15 15:14:19.922+00,9
207,-12.052446,-77.041292,Homicidio,2024-05-01 15:14:19.922+00,10
208,-12.032657,-77.057364,Agresión Sexual,2023-10-11 15:14:19.922+00,9
209,-12.095199,-77.089653,Secuestro,2024-09-14 15:14:19.922+00,8
210,-12.063647,-77.049750,Homicidio,2024-07-26 15:14:19.922+00,6
211,-12.003311,-77.063089,Robo,2024-05-16 15:14:19.922+00,7
212,-12.077647,-77.008454,Agresión Sexual,2024-08-01 15:14:19.922+00,2
213,-12.080305,-77.005793,Agresión Sexual,2024-08-11 15:14:19.922+00,2
214,-12.028979,-77.068475,Robo,2024-08-13 15:14:19.922+00,4
215,-12.009449,-77.092639,Homicidio,2023-10-07 15:14:19.922+00,1
216,-12.056210,-77.028426,Robo,2024-03-19 15:14:19.922+00,6
217,-12.030674,-77.057128,Homicidio,2024-02-24 15:14:19.922+00,8
218,-12.049692,-77.032466,Robo,2024-04-12 15:14:19.922+00,3
219,-12.044821,-77.097001,Robo,2024-06-16 15:14:19.922+00,3
220,-12.084011,-77.073867,Homicidio,2024-05-25 15:14:19.922+00,3
221,-12.029934,-77.093452,Robo,2023-11-06 15:14:19.922+00,7
222,-12.091587,-77.025545,Robo,2023-10-08 15:14:19.922+00,6
223,-12.029364,-77.048443,Secuestro,2023-11-21 15:14:19.922+00,7
224,-12.003359,-77.012386,Agresión Sexual,2024-07-17 15:14:19.922+00,2
225,-12.013211,-77.064175,Homicidio,2024-07-07 15:14:19.922+00,10
226,-12.000661,-77.092675,Asalto,2024-09-20 15:14:19.922+00,1
227,-12.010256,-77.007805,Agresión Sexual,2024-05-31 15:14:19.922+00,3
228,-12.031942,-77.054798,Homicidio,2024-03-15 15:14:19.922+00,6
229,-12.071824,-77.093315,Homicidio,2024-04-30 15:14:19.922+00,1
230,-12.051013,-77.061922,Asalto,2024-01-27 15:14:19.922+00,6
231,-12.076148,-77.030922,Agresión Sexual,2023-12-07 15:14:19.922+00,7
232,-12.092350,-77.081795,Robo,2024-01-21 15:14:19.922+00,3
233,-12.092039,-77.070195,Agresión Sexual,2024-06-09 15:14:19.922+00,2
234,-12.004161,-77.035288,Asalto,2024-03-28 15:14:19.922+00,3
235,-12.043215,-77.058291,Secuestro,2024-06-14 15:14:19.922+00,4
236,-12.048726,-77.062520,Asalto,2024-03-05 15:14:19.922+00,1
237,-12.008016,-77.017831,Agresión Sexual,2024-03-01 15:14:19.922+00,9
238,-12.062635,-77.099715,Robo,2024-02-10 15:14:19.922+00,3
239,-12.043418,-77.021115,Asalto,2024-08-31 15:14:19.922+00,2
240,-12.060779,-77.092667,Homicidio,2024-03-23 15:14:19.922+00,5
241,-12.072821,-77.032798,Asalto,2023-10-08 15:14:19.922+00,9
242,-12.054534,-77.060321,Agresión Sexual,2024-02-05 15:14:19.922+00,10
243,-12.010858,-77.010625,Homicidio,2024-02-11 15:14:19.922+00,2
244,-12.059332,-77.087988,Asalto,2023-12-25 15:14:19.922+00,7
245,-12.031017,-77.071431,Asalto,2024-08-05 15:14:19.922+00,6
246,-12.057322,-77.070947,Robo,2024-09-12 15:14:19.922+00,3
247,-12.032962,-77.016876,Secuestro,2023-10-09 15:14:19.922+00,5
248,-12.080893,-77.050327,Agresión Sexual,2023-10-24 15:14:19.922+00,3
249,-12.063099,-77.006703,Homicidio,2023-11-24 15:14:19.922+00,4
250,-12.033605,-77.086727,Agresión Sexual,2024-08-27 15:14:19.922+00,9
251,-12.091545,-77.082091,Asalto,2024-06-24 15:14:19.922+00,10
252,-12.041650,-77.065276,Agresión Sexual,2024-07-08 15:14:19.922+00,4
253,-12.019828,-77.093709,Agresión Sexual,2024-08-10 15:14:19.922+00,10
254,-12.054870,-77.095622,Asalto,2024-08-08 15:14:19.922+00,2
255,-12.042812,-77.099906,Agresión Sexual,2024-09-12 15:14:19.922+00,3
256,-12.093261,-77.000016,Asalto,2024-09-08 15:14:19.922+00,3
257,-12.084055,-77.071035,Homicidio,2023-09-25 15:14:19.922+00,2
258,-12.056426,-77.042245,Secuestro,2024-05-01 15:14:19.922+00,6
259,-12.056675,-77.062787,Asalto,2024-08-31 15:14:19.922+00,9
260,-12.007822,-77.020814,Homicidio,2024-06-25 15:14:19.922+00,4
261,-12.047165,-77.099747,Agresión Sexual,2024-07-31 15:14:19.922+00,9
262,-12.025669,-77.040120,Robo,2024-04-29 15:14:19.922+00,6
263,-12.005035,-77.032409,Secuestro,2023-11-11 15:14:19.922+00,4
264,-12.014937,-77.003408,Homicidio,2024-02-22 15:14:19.922+00,2
265,-12.042602,-77.028035,Homicidio,2024-05-08 15:14:19.922+00,2
266,-12.002644,-77.005638,Asalto,2024-01-28 15:14:19.922+00,9
267,-12.038368,-77.063791,Agresión Sexual,2024-04-12 15:14:19.922+00,7
268,-12.012868,-77.060107,Robo,2024-04-13 15:14:19.922+00,4
269,-12.048502,-77.006092,Agresión Sexual,2024-09-16 15:14:19.922+00,7
270,-12.094842,-77.024488,Secuestro,2024-01-01 15:14:19.922+00,8
271,-12.094502,-77.008488,Secuestro,2024-08-17 15:14:19.922+00,1
272,-12.039706,-77.042543,Asalto,2024-07-21 15:14:19.922+00,3
273,-12.079967,-77.017808,Agresión Sexual,2023-11-15 15:14:19.922+00,6
274,-12.095252,-77.056557,Secuestro,2023-09-23 15:14:19.922+00,7
275,-12.036464,-77.077107,Robo,2024-03-28 15:14:19.922+00,1
276,-12.034711,-77.043604,Agresión Sexual,2024-07-05 15:14:19.922+00,8
277,-12.004654,-77.020996,Robo,2023-10-05 15:14:19.922+00,5
278,-12.019254,-77.043851,Robo,2024-08-27 15:14:19.922+00,2
279,-12.036673,-77.017270,Asalto,2024-02-15 15:14:19.922+00,6
280,-12.045920,-77.040667,Secuestro,2024-06-29 15:14:19.922+00,6
281,-12.002997,-77.042954,Asalto,2024-01-27 15:14:19.922+00,4
282,-12.055246,-77.050001,Agresión Sexual,2024-09-05 15:14:19.922+00,1
283,-12.051418,-77.038441,Asalto,2024-01-08 15:14:19.922+00,3
284,-12.011810,-77.070673,Asalto,2023-11-25 15:14:19.922+00,4
285,-12.027961,-77.043032,Secuestro,2024-05-02 15:14:19.922+00,8
286,-12.076972,-77.020338,Asalto,2024-03-24 15:14:19.922+00,4
287,-12.077133,-77.011396,Agresión Sexual,2024-05-06 15:14:19.922+00,7
288,-12.089956,-77.066726,Asalto,2024-08-09 15:14:19.922+00,5
289,-12.058284,-77.066357,Homicidio,2024-08-02 15:14:19.922+00,6
290,-12.016468,-77.060959,Homicidio,2024-07-13 15:14:19.922+00,6
291,-12.015805,-77.022906,Robo,2024-02-16 15:14:19.922+00,2
292,-12.098180,-77.065427,Asalto,2024-06-08 15:14:19.922+00,2
293,-12.058946,-77.055328,Homicidio,2024-08-13 15:14:19.922+00,1
294,-12.039320,-77.058976,Secuestro,2023-10-25 15:14:19.922+00,5
295,-12.005158,-77.012027,Homicidio,2024-06-25 15:14:19.922+00,6
296,-12.077092,-77.039217,Asalto,2023-09-27 15:14:19.922+00,2
297,-12.017922,-77.020074,Homicidio,2024-03-13 15:14:19.922+00,4
298,-12.065255,-77.096975,Asalto,2024-03-16 15:14:19.922+00,8
299,-12.013337,-77.024038,Agresión Sexual,2024-03-29 15:14:19.922+00,1
300,-12.096601,-77.053060,Secuestro,2023-11-23 15:14:19.922+00,3
301,-12.098730,-77.079522,Robo,2024-08-13 15:14:19.922+00,1
302,-12.085750,-77.037835,Robo,2024-06-22 15:14:19.922+00,7
303,-12.081314,-77.020761,Asalto,2023-09-23 15:14:19.922+00,3
304,-12.086720,-77.066959,Asalto,2024-07-11 15:14:19.922+00,9
305,-12.027597,-77.093718,Robo,2024-01-15 15:14:19.922+00,8
306,-12.017863,-77.047539,Homicidio,2023-12-03 15:14:19.922+00,2
307,-12.002665,-77.099476,Robo,2023-09-28 15:14:19.922+00,4
308,-12.074728,-77.034681,Homicidio,2024-09-06 15:14:19.922+00,5
309,-12.021993,-77.006765,Secuestro,2024-02-07 15:14:19.922+00,2
310,-12.072535,-77.006111,Homicidio,2024-03-09 15:14:19.922+00,2
311,-12.047452,-77.069766,Robo,2024-02-06 15:14:19.922+00,3
312,-12.068812,-77.026167,Asalto,2024-03-24 15:14:19.922+00,2
313,-12.084428,-77.049058,Asalto,2023-10-04 15:14:19.922+00,5
314,-12.005488,-77.015524,Robo,2024-03-02 15:14:19.922+00,2
315,-12.039288,-77.041709,Agresión Sexual,2024-03-18 15:14:19.922+00,1
316,-12.030858,-77.058683,Robo,2024-07-20 15:14:19.922+00,5
317,-12.099608,-77.056836,Agresión Sexual,2023-10-23 15:14:19.922+00,3
318,-12.045401,-77.086637,Homicidio,2023-11-13 15:14:19.922+00,4
319,-12.011484,-77.065480,Secuestro,2024-08-26 15:14:19.922+00,6
320,-12.055371,-77.003005,Homicidio,2024-02-22 15:14:19.922+00,5
321,-12.093092,-77.086317,Agresión Sexual,2024-01-19 15:14:19.922+00,9
322,-12.068456,-77.065967,Agresión Sexual,2023-12-12 15:14:19.922+00,4
323,-12.093204,-77.050704,Asalto,2024-04-27 15:14:19.922+00,3
324,-12.092314,-77.053999,Secuestro,2024-03-12 15:14:19.922+00,8
325,-12.081323,-77.093952,Secuestro,2024-09-03 15:14:19.922+00,1
326,-12.097908,-77.034999,Robo,2024-06-04 15:14:19.922+00,6
327,-12.003287,-77.021062,Asalto,2024-09-12 15:14:19.922+00,3
328,-12.073380,-77.058027,Secuestro,2023-12-30 15:14:19.922+00,1
329,-12.004081,-77.048784,Robo,2024-08-18 15:14:19.922+00,8
330,-12.003342,-77.016001,Asalto,2023-09-26 15:14:19.922+00,5
331,-12.051039,-77.022827,Robo,2024-03-26 15:14:19.922+00,1
332,-12.035215,-77.052092,Robo,2024-03-12 15:14:19.922+00,1
333,-12.030770,-77.088201,Robo,2024-07-14 15:14:19.922+00,1
334,-12.097322,-77.072621,Secuestro,2024-04-25 15:14:19.922+00,1
335,-12.070620,-77.077202,Homicidio,2024-01-07 15:14:19.922+00,6
336,-12.065499,-77.058104,Asalto,2023-12-10 15:14:19.922+00,2
337,-12.037923,-77.071305,Secuestro,2023-10-25 15:14:19.922+00,9
338,-12.039722,-77.036243,Homicidio,2024-08-09 15:14:19.922+00,5
339,-12.020117,-77.095631,Robo,2023-11-30 15:14:19.922+00,10
340,-12.000431,-77.047983,Asalto,2024-08-06 15:14:19.922+00,1
341,-12.009682,-77.011043,Secuestro,2024-03-28 15:14:19.922+00,3
342,-12.007694,-77.060676,Asalto,2024-07-15 15:14:19.922+00,3
343,-12.024869,-77.054798,Asalto,2024-02-18 15:14:19.922+00,1
344,-12.038444,-77.023672,Robo,2024-04-21 15:14:19.922+00,4
345,-12.047422,-77.056767,Secuestro,2024-01-11 15:14:19.922+00,2
346,-12.074213,-77.080702,Agresión Sexual,2024-07-21 15:14:19.922+00,5
347,-12.088425,-77.074847,Homicidio,2023-12-03 15:14:19.922+00,8
348,-12.057328,-77.095646,Secuestro,2024-04-06 15:14:19.922+00,9
349,-12.047668,-77.034168,Homicidio,2024-06-22 15:14:19.922+00,4
350,-12.086766,-77.012463,Asalto,2023-09-30 15:14:19.922+00,2
351,-12.089852,-77.004887,Asalto,2024-03-28 15:14:19.922+00,2
352,-12.041071,-77.076866,Robo,2024-07-03 15:14:19.922+00,10
353,-12.018599,-77.026102,Homicidio,2023-12-18 15:14:19.922+00,2
354,-12.052437,-77.035264,Secuestro,2024-03-17 15:14:19.922+00,2
355,-12.014415,-77.093185,Robo,2024-01-20 15:14:19.922+00,4
356,-12.004420,-77.068677,Robo,2024-06-18 15:14:19.922+00,6
357,-12.034239,-77.026109,Agresión Sexual,2024-05-27 15:14:19.922+00,10
358,-12.093581,-77.015084,Agresión Sexual,2023-12-04 15:14:19.922+00,9
359,-12.004246,-77.008837,Robo,2024-05-06 15:14:19.922+00,8
360,-12.067716,-77.089990,Secuestro,2024-06-09 15:14:19.922+00,1
361,-12.064323,-77.068914,Homicidio,2024-01-26 15:14:19.922+00,4
362,-12.001263,-77.027054,Agresión Sexual,2024-03-29 15:14:19.922+00,9
363,-12.003816,-77.024670,Robo,2024-04-19 15:14:19.922+00,4
364,-12.017563,-77.059960,Homicidio,2024-06-12 15:14:19.922+00,10
365,-12.042477,-77.075209,Robo,2024-08-15 15:14:19.922+00,7
366,-12.046109,-77.029948,Secuestro,2024-08-17 15:14:19.922+00,6
367,-12.016016,-77.077837,Homicidio,2023-11-20 15:14:19.922+00,2
368,-12.013727,-77.051413,Asalto,2024-03-24 15:14:19.922+00,9
369,-12.025292,-77.021041,Homicidio,2024-04-26 15:14:19.922+00,2
370,-12.009320,-77.073752,Homicidio,2024-06-24 15:14:19.922+00,6
371,-12.001360,-77.077977,Robo,2024-07-22 15:14:19.922+00,1
372,-12.071343,-77.078871,Asalto,2023-12-21 15:14:19.922+00,4
373,-12.001517,-77.017864,Secuestro,2024-06-14 15:14:19.922+00,4
374,-12.023826,-77.099508,Asalto,2024-05-08 15:14:19.922+00,5
375,-12.054163,-77.097486,Homicidio,2024-09-15 15:14:19.922+00,3
376,-12.029853,-77.036830,Agresión Sexual,2024-08-19 15:14:19.922+00,4
377,-12.050156,-77.082837,Robo,2024-02-15 15:14:19.922+00,9
378,-12.078021,-77.047596,Asalto,2023-11-18 15:14:19.922+00,6
379,-12.046381,-77.072908,Asalto,2024-07-07 15:14:19.922+00,7
380,-12.095108,-77.084177,Asalto,2024-02-09 15:14:19.922+00,4
381,-12.047861,-77.006267,Asalto,2024-06-09 15:14:19.922+00,2
382,-12.090141,-77.096628,Asalto,2024-04-04 15:14:19.922+00,3
383,-12.007740,-77.020757,Agresión Sexual,2024-07-23 15:14:19.922+00,1
384,-12.014774,-77.039212,Secuestro,2023-12-24 15:14:19.922+00,4
385,-12.016822,-77.065909,Agresión Sexual,2023-12-09 15:14:19.922+00,7
386,-12.086695,-77.064862,Secuestro,2024-05-03 15:14:19.922+00,7
387,-12.010426,-77.045059,Agresión Sexual,2024-07-20 15:14:19.922+00,5
388,-12.083596,-77.038603,Asalto,2024-01-23 15:14:19.922+00,9
389,-12.085307,-77.019058,Homicidio,2024-02-04 15:14:19.922+00,2
390,-12.028131,-77.008551,Agresión Sexual,2024-02-20 15:14:19.922+00,3
391,-12.002745,-77.038509,Asalto,2024-05-19 15:14:19.922+00,3
392,-12.054363,-77.072704,Agresión Sexual,2024-01-24 15:14:19.922+00,9
393,-12.050029,-77.029507,Asalto,2024-03-04 15:14:19.922+00,4
394,-12.057139,-77.088087,Robo,2024-03-21 15:14:19.922+00,7
395,-12.078835,-77.049354,Agresión Sexual,2024-04-18 15:14:19.922+00,9
396,-12.002435,-77.000451,Agresión Sexual,2023-10-11 15:14:19.922+00,7
397,-12.068332,-77.064376,Robo,2024-02-24 15:14:19.922+00,5
398,-12.018229,-77.038423,Homicidio,2024-08-03 15:14:19.922+00,9
399,-12.026567,-77.002713,Homicidio,2024-08-20 15:14:19.922+00,5
400,-12.045655,-77.097247,Secuestro,2024-06-10 15:14:19.922+00,3
401,-12.032195,-77.006617,Asalto,2023-12-18 15:14:19.922+00,4
402,-12.011408,-77.095721,Homicidio,2024-01-23 15:14:19.922+00,8
403,-12.069321,-77.018796,Agresión Sexual,2024-07-28 15:14:19.922+00,7
404,-12.006900,-77.020978,Homicidio,2024-03-11 15:14:19.922+00,5
405,-12.059701,-77.045877,Asalto,2023-10-25 15:14:19.922+00,10
406,-12.094469,-77.095239,Asalto,2024-02-14 15:14:19.922+00,6
407,-12.089588,-77.063842,Agresión Sexual,2023-10-28 15:14:19.922+00,2
408,-12.084767,-77.096901,Secuestro,2023-12-15 15:14:19.922+00,1
409,-12.020500,-77.084818,Secuestro,2024-01-14 15:14:19.922+00,8
410,-12.096727,-77.003642,Asalto,2024-01-01 15:14:19.922+00,8
411,-12.087119,-77.042777,Secuestro,2024-05-04 15:14:19.922+00,10
412,-12.007030,-77.042391,Asalto,2023-11-24 15:14:19.922+00,6
413,-12.029102,-77.017689,Homicidio,2024-05-10 15:14:19.922+00,9
414,-12.022266,-77.003332,Homicidio,2024-06-20 15:14:19.922+00,10
415,-12.014339,-77.085327,Asalto,2024-02-07 15:14:19.922+00,1
416,-12.025813,-77.050611,Agresión Sexual,2024-01-15 15:14:19.922+00,9
417,-12.065191,-77.003254,Homicidio,2024-08-16 15:14:19.922+00,4
418,-12.044740,-77.065699,Secuestro,2024-09-14 15:14:19.922+00,5
419,-12.061216,-77.080592,Asalto,2024-08-28 15:14:19.922+00,5
420,-12.091588,-77.040270,Agresión Sexual,2024-06-03 15:14:19.922+00,6
421,-12.052896,-77.001277,Homicidio,2024-02-14 15:14:19.922+00,10
422,-12.087214,-77.040711,Robo,2024-02-04 15:14:19.922+00,4
423,-12.068623,-77.092220,Robo,2024-06-20 15:14:19.922+00,1
424,-12.038769,-77.038677,Secuestro,2024-03-13 15:14:19.922+00,3
425,-12.012782,-77.050215,Robo,2023-11-05 15:14:19.922+00,3
426,-12.068657,-77.050557,Agresión Sexual,2024-05-30 15:14:19.922+00,2
427,-12.094754,-77.091199,Secuestro,2024-03-19 15:14:19.922+00,3
428,-12.069681,-77.038747,Robo,2024-08-03 15:14:19.922+00,2
429,-12.070736,-77.024328,Agresión Sexual,2024-02-24 15:14:19.922+00,7
430,-12.025568,-77.089786,Secuestro,2023-10-15 15:14:19.922+00,10
431,-12.084897,-77.018773,Asalto,2024-09-17 15:14:19.922+00,8
432,-12.058193,-77.057896,Homicidio,2024-09-13 15:14:19.922+00,4
433,-12.035016,-77.070719,Robo,2024-09-07 15:14:19.922+00,1
434,-12.042925,-77.096186,Robo,2024-07-22 15:14:19.922+00,1
435,-12.079253,-77.046937,Secuestro,2024-03-18 15:14:19.922+00,8
436,-12.017462,-77.072142,Robo,2024-01-23 15:14:19.922+00,6
437,-12.080404,-77.021318,Asalto,2024-03-29 15:14:19.922+00,1
438,-12.053144,-77.021640,Asalto,2024-08-26 15:14:19.922+00,6
439,-12.091906,-77.021125,Robo,2024-01-30 15:14:19.922+00,9
440,-12.077304,-77.048211,Secuestro,2024-08-21 15:14:19.922+00,6
441,-12.098386,-77.027205,Homicidio,2024-04-14 15:14:19.922+00,5
442,-12.030390,-77.089792,Homicidio,2024-06-09 15:14:19.922+00,10
443,-12.071813,-77.090852,Homicidio,2024-03-14 15:14:19.922+00,5
444,-12.068915,-77.067291,Homicidio,2024-04-02 15:14:19.922+00,7
445,-12.040732,-77.027831,Asalto,2024-03-18 15:14:19.922+00,3
446,-12.099933,-77.074438,Robo,2024-02-24 15:14:19.922+00,8
447,-12.059736,-77.022453,Homicidio,2023-12-06 15:14:19.922+00,2
448,-12.073881,-77.034576,Robo,2024-02-06 15:14:19.922+00,7
449,-12.015963,-77.055942,Homicidio,2024-05-16 15:14:19.922+00,1
450,-12.084287,-77.024108,Agresión Sexual,2024-06-20 15:14:19.922+00,3
451,-12.055702,-77.092885,Homicidio,2024-01-19 15:14:19.922+00,6
452,-12.004634,-77.058227,Robo,2024-08-07 15:14:19.922+00,10
453,-12.006474,-77.069064,Secuestro,2023-12-01 15:14:19.922+00,1
454,-12.086289,-77.069085,Robo,2024-02-19 15:14:19.922+00,9
455,-12.057312,-77.069389,Agresión Sexual,2023-11-09 15:14:19.922+00,10
456,-12.018452,-77.016329,Secuestro,2023-09-26 15:14:19.922+00,2
457,-12.035124,-77.082446,Agresión Sexual,2024-08-02 15:14:19.922+00,7
458,-12.052734,-77.061667,Secuestro,2024-06-22 15:14:19.922+00,5
459,-12.008041,-77.008036,Homicidio,2024-01-24 15:14:19.922+00,4
460,-12.066808,-77.063572,Homicidio,2024-08-07 15:14:19.922+00,5
461,-12.069860,-77.007326,Asalto,2024-08-11 15:14:19.922+00,10
462,-12.045423,-77.061044,Homicidio,2024-05-25 15:14:19.922+00,7
463,-12.056270,-77.055880,Robo,2024-08-25 15:14:19.922+00,10
464,-12.035826,-77.005066,Agresión Sexual,2023-12-03 15:14:19.922+00,4
465,-12.031838,-77.047670,Agresión Sexual,2024-06-25 15:14:19.922+00,2
466,-12.093146,-77.090237,Secuestro,2024-02-05 15:14:19.922+00,3
467,-12.005409,-77.070818,Robo,2024-01-23 15:14:19.922+00,7
468,-12.002381,-77.008103,Homicidio,2024-09-08 15:14:19.922+00,10
469,-12.047690,-77.063758,Secuestro,2024-09-07 15:14:19.922+00,4
470,-12.032611,-77.065911,Agresión Sexual,2023-11-27 15:14:19.922+00,4
471,-12.017299,-77.050653,Asalto,2024-02-27 15:14:19.922+00,4
472,-12.037693,-77.035089,Agresión Sexual,2023-11-20 15:14:19.922+00,4
473,-12.082229,-77.073657,Secuestro,2024-07-14 15:14:19.922+00,4
474,-12.080407,-77.065670,Secuestro,2024-03-08 15:14:19.922+00,8
475,-12.055783,-77.018540,Homicidio,2024-03-25 15:14:19.922+00,5
476,-12.044099,-77.055888,Agresión Sexual,2023-12-25 15:14:19.922+00,2
477,-12.083741,-77.069452,Robo,2023-10-24 15:14:19.922+00,3
478,-12.056198,-77.025778,Robo,2024-04-05 15:14:19.922+00,2
479,-12.028035,-77.046536,Asalto,2024-04-27 15:14:19.922+00,7
480,-12.078510,-77.022330,Homicidio,2024-06-21 15:14:19.922+00,6
481,-12.004036,-77.025273,Secuestro,2024-01-03 15:14:19.922+00,10
482,-12.055129,-77.080716,Agresión Sexual,2024-03-24 15:14:19.922+00,7
483,-12.041912,-77.030984,Homicidio,2024-06-26 15:14:19.922+00,4
484,-12.097079,-77.054793,Secuestro,2023-11-30 15:14:19.922+00,6
485,-12.083286,-77.050709,Robo,2024-03-27 15:14:19.922+00,6
486,-12.040597,-77.015468,Agresión Sexual,2024-07-25 15:14:19.922+00,7
487,-12.045487,-77.055548,Homicidio,2024-04-13 15:14:19.922+00,1
488,-12.074033,-77.023052,Agresión Sexual,2023-09-30 15:14:19.922+00,1
489,-12.005759,-77.063003,Homicidio,2024-07-17 15:14:19.922+00,4
490,-12.034968,-77.090155,Homicidio,2023-10-18 15:14:19.922+00,2
491,-12.061991,-77.049980,Secuestro,2023-12-08 15:14:19.922+00,9
492,-12.063033,-77.054196,Homicidio,2023-11-12 15:14:19.922+00,10
493,-12.064460,-77.016944,Agresión Sexual,2024-01-22 15:14:19.922+00,8
494,-12.027756,-77.056788,Agresión Sexual,2024-05-13 15:14:19.922+00,1
495,-12.050852,-77.033451,Homicidio,2024-04-29 15:14:19.922+00,6
496,-12.055128,-77.050647,Robo,2024-02-14 15:14:19.922+00,9
497,-12.074876,-77.009275,Secuestro,2024-06-03 15:14:19.922+00,8
498,-12.030918,-77.057219,Asalto,2023-10-03 15:14:19.922+00,8
499,-12.005182,-77.037716,Secuestro,2024-07-21 15:14:19.922+00,4
500,-12.088468,-77.071549,Asalto,2024-07-07 15:14:19.922+00,9
501,-12.061806,-77.023961,Homicidio,2023-10-09 15:14:19.922+00,1
502,-12.027233,-77.026992,Asalto,2024-01-07 15:14:19.922+00,2
503,-12.002565,-77.056373,Robo,2024-07-10 15:14:19.922+00,9
504,-12.063394,-77.099780,Asalto,2024-03-14 15:14:19.922+00,1
505,-12.059519,-77.004855,Robo,2024-04-24 15:14:19.922+00,5
506,-12.009028,-77.070792,Homicidio,2024-03-10 15:14:19.922+00,4
507,-12.071148,-77.007492,Secuestro,2024-09-06 15:14:19.922+00,5
508,-12.002619,-77.016196,Robo,2023-11-28 15:14:19.922+00,5
509,-12.077525,-77.004061,Homicidio,2024-08-22 15:14:19.922+00,9
510,-12.013690,-77.083782,Homicidio,2024-03-05 15:14:19.922+00,2
511,-12.042645,-77.026662,Asalto,2024-08-26 15:14:19.922+00,3
512,-12.097555,-77.083287,Agresión Sexual,2024-05-25 15:14:19.922+00,10
513,-12.090927,-77.063438,Agresión Sexual,2023-09-23 15:14:19.922+00,8
514,-12.092182,-77.028028,Asalto,2023-10-18 15:14:19.922+00,1
515,-12.040550,-77.061476,Robo,2024-02-18 15:14:19.922+00,3
516,-12.085115,-77.032029,Asalto,2024-03-07 15:14:19.922+00,6
517,-12.092235,-77.095677,Robo,2024-02-22 15:14:19.922+00,2
518,-12.051879,-77.027116,Homicidio,2024-08-18 15:14:19.922+00,4
519,-12.013643,-77.051920,Homicidio,2024-09-09 15:14:19.922+00,4
520,-12.006477,-77.064726,Asalto,2024-04-28 15:14:19.922+00,7
521,-12.009134,-77.081003,Secuestro,2023-12-25 15:14:19.922+00,5
522,-12.023274,-77.054163,Robo,2024-05-10 15:14:19.922+00,3
523,-12.058701,-77.073728,Asalto,2024-08-29 15:14:19.922+00,8
524,-12.071048,-77.008325,Agresión Sexual,2023-11-30 15:14:19.922+00,6
525,-12.032349,-77.019204,Homicidio,2024-04-24 15:14:19.922+00,1
526,-12.045353,-77.081862,Agresión Sexual,2024-04-30 15:14:19.922+00,6
527,-12.028970,-77.085928,Agresión Sexual,2024-03-04 15:14:19.922+00,8
528,-12.002687,-77.018873,Agresión Sexual,2023-10-26 15:14:19.922+00,8
529,-12.074116,-77.024741,Secuestro,2023-11-28 15:14:19.922+00,9
530,-12.079623,-77.042384,Agresión Sexual,2023-11-24 15:14:19.922+00,4
531,-12.095187,-77.048296,Asalto,2024-01-23 15:14:19.922+00,2
532,-12.014855,-77.032123,Asalto,2024-02-11 15:14:19.922+00,2
533,-12.017459,-77.037933,Asalto,2024-09-08 15:14:19.922+00,10
534,-12.035882,-77.026081,Asalto,2024-02-15 15:14:19.922+00,6
535,-12.093286,-77.010911,Asalto,2024-01-23 15:14:19.922+00,7
536,-12.085119,-77.046734,Homicidio,2024-05-06 15:14:19.922+00,2
537,-12.055300,-77.036685,Asalto,2024-08-01 15:14:19.922+00,9
538,-12.041780,-77.046974,Homicidio,2024-07-30 15:14:19.922+00,3
539,-12.091774,-77.018787,Agresión Sexual,2024-02-05 15:14:19.922+00,7
540,-12.004167,-77.069417,Robo,2024-02-26 15:14:19.922+00,1
541,-12.056260,-77.035575,Secuestro,2023-09-30 15:14:19.922+00,5
542,-12.000458,-77.091823,Agresión Sexual,2024-09-20 15:14:19.922+00,6
543,-12.091908,-77.061484,Homicidio,2023-10-19 15:14:19.922+00,2
544,-12.005520,-77.069206,Agresión Sexual,2024-04-30 15:14:19.922+00,9
545,-12.016765,-77.006992,Robo,2024-09-01 15:14:19.922+00,6
546,-12.087478,-77.018170,Homicidio,2024-09-03 15:14:19.922+00,3
547,-12.099734,-77.078358,Asalto,2024-07-08 15:14:19.922+00,3
548,-12.087091,-77.004841,Homicidio,2024-06-27 15:14:19.922+00,6
549,-12.038056,-77.033051,Homicidio,2023-10-19 15:14:19.922+00,1
550,-12.075279,-77.008292,Secuestro,2024-02-27 15:14:19.922+00,5
551,-12.030431,-77.034502,Asalto,2024-09-01 15:14:19.922+00,1
552,-12.083384,-77.035930,Secuestro,2024-04-16 15:14:19.922+00,10
553,-12.035917,-77.007994,Homicidio,2024-04-15 15:14:19.922+00,8
554,-12.023809,-77.027283,Asalto,2024-09-16 15:14:19.922+00,2
555,-12.018117,-77.034961,Homicidio,2024-09-07 15:14:19.922+00,3
556,-12.056369,-77.021357,Homicidio,2023-11-13 15:14:19.922+00,8
557,-12.050691,-77.009430,Homicidio,2024-01-21 15:14:19.922+00,5
558,-12.022179,-77.023468,Homicidio,2024-04-11 15:14:19.922+00,3
559,-12.007180,-77.047451,Secuestro,2023-12-23 15:14:19.922+00,9
560,-12.007811,-77.034745,Secuestro,2023-12-16 15:14:19.922+00,4
561,-12.069811,-77.031099,Homicidio,2024-04-02 15:14:19.922+00,6
562,-12.023999,-77.022269,Asalto,2024-08-13 15:14:19.922+00,8
563,-12.021477,-77.034978,Robo,2024-02-13 15:14:19.922+00,6
564,-12.055126,-77.091537,Secuestro,2024-06-12 15:14:19.922+00,6
565,-12.005460,-77.034222,Homicidio,2024-06-18 15:14:19.922+00,8
566,-12.000782,-77.037083,Asalto,2024-09-17 15:14:19.922+00,6
567,-12.029385,-77.058590,Homicidio,2024-07-11 15:14:19.922+00,9
568,-12.073367,-77.040213,Asalto,2024-01-07 15:14:19.922+00,5
569,-12.034413,-77.026209,Asalto,2023-12-26 15:14:19.922+00,3
570,-12.014790,-77.011286,Robo,2024-03-19 15:14:19.922+00,5
571,-12.085351,-77.086956,Asalto,2024-05-12 15:14:19.922+00,3
572,-12.008275,-77.032144,Homicidio,2024-02-07 15:14:19.922+00,7
573,-12.059867,-77.072722,Asalto,2023-10-25 15:14:19.922+00,4
574,-12.088785,-77.001212,Secuestro,2023-10-07 15:14:19.922+00,8
575,-12.077967,-77.092746,Homicidio,2024-09-07 15:14:19.922+00,10
576,-12.091453,-77.068019,Robo,2024-07-03 15:14:19.922+00,5
577,-12.059482,-77.065673,Asalto,2024-01-14 15:14:19.922+00,3
578,-12.092913,-77.033791,Robo,2023-09-27 15:14:19.922+00,5
579,-12.096448,-77.001455,Agresión Sexual,2024-03-29 15:14:19.922+00,9
580,-12.076985,-77.016250,Asalto,2024-03-30 15:14:19.922+00,1
581,-12.003036,-77.090537,Robo,2024-09-19 15:14:19.922+00,8
582,-12.070487,-77.075493,Secuestro,2023-12-26 15:14:19.922+00,8
583,-12.024373,-77.071987,Homicidio,2024-09-15 15:14:19.922+00,4
584,-12.070116,-77.007988,Asalto,2024-01-18 15:14:19.922+00,1
585,-12.041715,-77.031987,Agresión Sexual,2024-01-18 15:14:19.922+00,3
586,-12.025383,-77.068889,Homicidio,2024-05-31 15:14:19.922+00,8
587,-12.095765,-77.040609,Robo,2024-09-07 15:14:19.922+00,7
588,-12.045108,-77.046533,Robo,2024-09-18 15:14:19.922+00,8
589,-12.068608,-77.054486,Robo,2024-05-10 15:14:19.922+00,4
590,-12.000783,-77.087252,Asalto,2023-10-20 15:14:19.922+00,1
591,-12.005495,-77.012856,Robo,2023-11-04 15:14:19.922+00,4
592,-12.065777,-77.070350,Asalto,2024-02-15 15:14:19.922+00,6
593,-12.088070,-77.033691,Robo,2024-05-07 15:14:19.922+00,7
594,-12.052341,-77.040240,Secuestro,2024-08-01 15:14:19.922+00,8
595,-12.082197,-77.088784,Agresión Sexual,2023-12-03 15:14:19.922+00,1
596,-12.091884,-77.064269,Robo,2024-08-29 15:14:19.922+00,2
597,-12.015449,-77.005186,Robo,2024-06-16 15:14:19.922+00,6
598,-12.033399,-77.073945,Agresión Sexual,2024-03-22 15:14:19.922+00,4
599,-12.059104,-77.074264,Robo,2024-03-23 15:14:19.922+00,4
600,-12.059613,-77.063969,Secuestro,2024-05-10 15:14:19.922+00,10
601,-12.091848,-77.010819,Agresión Sexual,2024-01-21 15:14:19.922+00,7
602,-12.033779,-77.057677,Asalto,2023-10-14 15:14:19.922+00,7
603,-12.090355,-77.015058,Homicidio,2023-11-09 15:14:19.922+00,9
604,-12.050734,-77.055870,Robo,2024-01-26 15:14:19.922+00,10
605,-12.000954,-77.034829,Asalto,2024-06-10 15:14:19.922+00,2
606,-12.057281,-77.088321,Secuestro,2024-04-08 15:14:19.922+00,4
607,-12.090814,-77.032471,Secuestro,2024-02-15 15:14:19.922+00,2
608,-12.021365,-77.099231,Secuestro,2024-02-20 15:14:19.922+00,9
609,-12.009860,-77.000962,Homicidio,2024-06-16 15:14:19.922+00,7
610,-12.086004,-77.055432,Secuestro,2024-01-06 15:14:19.922+00,7
611,-12.004361,-77.012801,Robo,2023-12-25 15:14:19.922+00,1
612,-12.013128,-77.081858,Asalto,2023-10-13 15:14:19.922+00,10
613,-12.063847,-77.000482,Agresión Sexual,2024-02-22 15:14:19.922+00,5
614,-12.044273,-77.079550,Secuestro,2023-12-06 15:14:19.922+00,4
615,-12.034969,-77.005080,Secuestro,2024-02-18 15:14:19.922+00,6
616,-12.055184,-77.031615,Homicidio,2024-02-15 15:14:19.922+00,2
617,-12.002944,-77.016409,Secuestro,2023-12-15 15:14:19.922+00,7
618,-12.058255,-77.010989,Homicidio,2024-02-12 15:14:19.922+00,3
619,-12.062958,-77.096103,Agresión Sexual,2024-03-02 15:14:19.922+00,7
620,-12.023966,-77.063814,Robo,2024-04-10 15:14:19.922+00,4
621,-12.036995,-77.037537,Robo,2024-02-02 15:14:19.922+00,1
622,-12.030300,-77.053362,Homicidio,2024-04-07 15:14:19.922+00,7
623,-12.072885,-77.035176,Homicidio,2023-10-06 15:14:19.922+00,6
624,-12.032787,-77.043315,Secuestro,2024-02-06 15:14:19.922+00,6
625,-12.086377,-77.020877,Agresión Sexual,2023-11-15 15:14:19.922+00,9
626,-12.083006,-77.045053,Asalto,2024-02-17 15:14:19.922+00,8
627,-12.062733,-77.068950,Agresión Sexual,2024-01-23 15:14:19.922+00,4
628,-12.016849,-77.074819,Secuestro,2024-06-23 15:14:19.922+00,4
629,-12.081220,-77.032473,Agresión Sexual,2024-01-14 15:14:19.922+00,8
630,-12.020579,-77.066138,Asalto,2024-01-29 15:14:19.922+00,4
631,-12.092486,-77.099992,Asalto,2024-08-16 15:14:19.922+00,9
632,-12.032597,-77.064868,Secuestro,2023-12-30 15:14:19.922+00,5
633,-12.006101,-77.034443,Agresión Sexual,2024-05-12 15:14:19.922+00,3
634,-12.094855,-77.019974,Agresión Sexual,2024-06-18 15:14:19.922+00,7
635,-12.029029,-77.039910,Homicidio,2024-02-05 15:14:19.922+00,6
636,-12.000835,-77.066017,Homicidio,2023-12-20 15:14:19.922+00,2
637,-12.095631,-77.053493,Homicidio,2024-07-06 15:14:19.922+00,4
638,-12.057224,-77.042276,Asalto,2024-01-20 15:14:19.922+00,3
639,-12.037825,-77.065588,Homicidio,2024-01-06 15:14:19.922+00,7
640,-12.001058,-77.017959,Homicidio,2023-12-24 15:14:19.922+00,6
641,-12.054500,-77.050745,Homicidio,2023-12-21 15:14:19.922+00,4
642,-12.017787,-77.038864,Robo,2024-03-21 15:14:19.922+00,7
643,-12.091052,-77.030945,Homicidio,2024-09-21 15:14:19.922+00,9
644,-12.084747,-77.054647,Homicidio,2023-12-03 15:14:19.922+00,9
645,-12.049763,-77.066028,Robo,2023-12-22 15:14:19.922+00,6
646,-12.058641,-77.039468,Homicidio,2024-04-29 15:14:19.922+00,9
647,-12.077169,-77.009446,Robo,2024-09-05 15:14:19.922+00,10
648,-12.015243,-77.086888,Homicidio,2023-11-08 15:14:19.922+00,9
649,-12.001424,-77.086329,Agresión Sexual,2023-12-23 15:14:19.922+00,3
650,-12.086658,-77.013408,Homicidio,2024-08-25 15:14:19.922+00,9
651,-12.002214,-77.036294,Agresión Sexual,2024-08-28 15:14:19.922+00,7
652,-12.099919,-77.061733,Agresión Sexual,2024-02-09 15:14:19.922+00,4
653,-12.001399,-77.008930,Asalto,2023-12-05 15:14:19.922+00,7
654,-12.060364,-77.017936,Secuestro,2024-03-06 15:14:19.922+00,5
655,-12.007403,-77.042355,Agresión Sexual,2023-10-14 15:14:19.922+00,5
656,-12.018453,-77.000921,Agresión Sexual,2023-11-19 15:14:19.922+00,1
657,-12.018561,-77.038597,Asalto,2024-01-04 15:14:19.922+00,3
658,-12.009639,-77.060218,Agresión Sexual,2024-02-13 15:14:19.922+00,2
659,-12.090620,-77.041846,Robo,2023-10-03 15:14:19.922+00,3
660,-12.032135,-77.006722,Robo,2024-03-21 15:14:19.922+00,7
661,-12.095991,-77.051258,Agresión Sexual,2023-12-03 15:14:19.922+00,9
662,-12.013461,-77.042802,Agresión Sexual,2024-07-29 15:14:19.922+00,8
663,-12.057510,-77.037743,Agresión Sexual,2024-05-13 15:14:19.922+00,5
664,-12.087544,-77.080114,Homicidio,2024-06-16 15:14:19.922+00,2
665,-12.059031,-77.084178,Robo,2024-01-17 15:14:19.922+00,6
666,-12.065561,-77.076822,Secuestro,2024-05-21 15:14:19.922+00,8
667,-12.021299,-77.031551,Homicidio,2023-09-26 15:14:19.922+00,5
668,-12.044331,-77.021333,Agresión Sexual,2024-08-12 15:14:19.922+00,7
669,-12.088109,-77.050328,Homicidio,2024-07-06 15:14:19.922+00,7
670,-12.094189,-77.097790,Robo,2024-06-07 15:14:19.922+00,6
671,-12.047272,-77.008135,Asalto,2024-03-18 15:14:19.922+00,10
672,-12.069714,-77.023897,Asalto,2024-03-19 15:14:19.922+00,10
673,-12.028202,-77.042138,Asalto,2024-03-01 15:14:19.922+00,6
674,-12.025914,-77.099933,Robo,2024-09-17 15:14:19.922+00,8
675,-12.062723,-77.055193,Asalto,2023-11-03 15:14:19.922+00,8
676,-12.058450,-77.000331,Robo,2023-12-28 15:14:19.922+00,6
677,-12.006013,-77.022038,Asalto,2024-02-06 15:14:19.922+00,1
678,-12.090709,-77.097281,Robo,2024-06-22 15:14:19.922+00,1
679,-12.038250,-77.077132,Asalto,2024-01-31 15:14:19.922+00,6
680,-12.064492,-77.037340,Asalto,2023-12-05 15:14:19.922+00,7
681,-12.086735,-77.048462,Homicidio,2024-06-18 15:14:19.922+00,3
682,-12.029378,-77.046048,Secuestro,2024-04-13 15:14:19.922+00,10
683,-12.061738,-77.090339,Homicidio,2024-01-12 15:14:19.922+00,4
684,-12.054655,-77.045491,Homicidio,2024-04-24 15:14:19.922+00,9
685,-12.012325,-77.068556,Agresión Sexual,2024-07-09 15:14:19.922+00,8
686,-12.021676,-77.025126,Secuestro,2024-08-18 15:14:19.922+00,8
687,-12.050961,-77.007824,Homicidio,2023-12-24 15:14:19.922+00,5
688,-12.095577,-77.017183,Homicidio,2024-08-12 15:14:19.922+00,2
689,-12.036454,-77.096799,Agresión Sexual,2024-04-20 15:14:19.922+00,5
690,-12.057870,-77.018101,Robo,2023-10-05 15:14:19.922+00,10
691,-12.031067,-77.059854,Agresión Sexual,2024-04-24 15:14:19.922+00,2
692,-12.096905,-77.029091,Homicidio,2024-01-24 15:14:19.922+00,7
693,-12.061660,-77.039906,Homicidio,2023-11-29 15:14:19.922+00,3
694,-12.061333,-77.035888,Agresión Sexual,2023-10-08 15:14:19.922+00,3
695,-12.095995,-77.029204,Agresión Sexual,2023-10-20 15:14:19.922+00,4
696,-12.057153,-77.095383,Agresión Sexual,2024-01-30 15:14:19.922+00,5
697,-12.079818,-77.084842,Homicidio,2023-09-23 15:14:19.922+00,10
698,-12.045824,-77.068047,Asalto,2024-08-10 15:14:19.922+00,8
699,-12.034949,-77.046443,Agresión Sexual,2023-12-01 15:14:19.922+00,10
700,-12.079390,-77.098712,Asalto,2024-07-01 15:14:19.922+00,3
701,-12.024074,-77.060459,Secuestro,2024-03-11 15:14:19.922+00,1
702,-12.030038,-77.031310,Secuestro,2024-02-16 15:14:19.922+00,5
703,-12.045893,-77.074983,Homicidio,2023-12-27 15:14:19.922+00,9
704,-12.014386,-77.042874,Secuestro,2024-09-17 15:14:19.922+00,8
705,-12.026053,-77.053933,Agresión Sexual,2024-04-13 15:14:19.922+00,8
706,-12.089676,-77.031274,Homicidio,2024-08-27 15:14:19.922+00,2
707,-12.095040,-77.005747,Secuestro,2023-10-22 15:14:19.922+00,4
708,-12.087959,-77.053250,Asalto,2024-02-08 15:14:19.922+00,3
709,-12.099233,-77.019432,Homicidio,2024-01-23 15:14:19.922+00,9
710,-12.032100,-77.093870,Asalto,2024-01-05 15:14:19.922+00,5
711,-12.027994,-77.048756,Agresión Sexual,2023-11-09 15:14:19.922+00,8
712,-12.045773,-77.007033,Agresión Sexual,2024-07-13 15:14:19.922+00,8
713,-12.009988,-77.090312,Robo,2024-03-02 15:14:19.922+00,5
714,-12.021762,-77.094040,Robo,2024-04-22 15:14:19.922+00,1
715,-12.050081,-77.078127,Robo,2024-06-01 15:14:19.922+00,6
716,-12.052569,-77.081025,Agresión Sexual,2024-03-07 15:14:19.922+00,4
717,-12.039515,-77.094470,Robo,2024-01-21 15:14:19.922+00,9
718,-12.067351,-77.003615,Homicidio,2023-10-10 15:14:19.922+00,2
719,-12.035324,-77.003474,Agresión Sexual,2024-03-29 15:14:19.922+00,1
720,-12.031641,-77.041263,Agresión Sexual,2024-04-14 15:14:19.922+00,2
721,-12.047018,-77.083632,Secuestro,2024-04-12 15:14:19.922+00,3
722,-12.015571,-77.053990,Agresión Sexual,2023-12-13 15:14:19.922+00,10
723,-12.039943,-77.009631,Secuestro,2024-03-07 15:14:19.922+00,4
724,-12.067885,-77.098517,Robo,2023-12-17 15:14:19.922+00,6
725,-12.088170,-77.048443,Secuestro,2023-11-05 15:14:19.922+00,3
726,-12.099474,-77.079958,Robo,2023-11-27 15:14:19.922+00,8
727,-12.059430,-77.062444,Secuestro,2023-12-30 15:14:19.922+00,1
728,-12.006193,-77.078120,Agresión Sexual,2024-01-11 15:14:19.922+00,7
729,-12.066280,-77.011856,Homicidio,2023-12-02 15:14:19.922+00,10
730,-12.017449,-77.010943,Homicidio,2024-06-25 15:14:19.922+00,10
731,-12.023987,-77.038941,Robo,2024-08-03 15:14:19.922+00,7
732,-12.049386,-77.043404,Asalto,2023-09-29 15:14:19.922+00,3
733,-12.052928,-77.082323,Robo,2023-11-26 15:14:19.922+00,2
734,-12.051721,-77.014543,Robo,2024-07-19 15:14:19.922+00,8
735,-12.082863,-77.075880,Asalto,2023-11-04 15:14:19.922+00,4
736,-12.097159,-77.030477,Agresión Sexual,2024-01-23 15:14:19.922+00,10
737,-12.003956,-77.020877,Robo,2024-02-17 15:14:19.922+00,2
738,-12.041635,-77.088236,Secuestro,2023-09-29 15:14:19.922+00,5
739,-12.060989,-77.084464,Agresión Sexual,2024-05-26 15:14:19.922+00,10
740,-12.092745,-77.013285,Asalto,2023-11-03 15:14:19.922+00,1
741,-12.084198,-77.073190,Secuestro,2024-01-10 15:14:19.922+00,4
742,-12.043742,-77.044673,Agresión Sexual,2024-08-30 15:14:19.922+00,9
743,-12.065129,-77.087836,Secuestro,2024-05-21 15:14:19.922+00,3
744,-12.042183,-77.054546,Robo,2024-04-12 15:14:19.922+00,10
745,-12.073467,-77.095051,Robo,2024-04-01 15:14:19.922+00,7
746,-12.039569,-77.028272,Secuestro,2023-11-12 15:14:19.922+00,3
747,-12.044551,-77.000317,Asalto,2023-11-30 15:14:19.922+00,5
748,-12.087204,-77.065072,Secuestro,2024-04-26 15:14:19.922+00,7
749,-12.052117,-77.007445,Homicidio,2024-06-22 15:14:19.922+00,5
750,-12.093860,-77.047025,Asalto,2024-05-25 15:14:19.922+00,3
751,-12.031076,-77.019950,Agresión Sexual,2024-05-05 15:14:19.922+00,3
752,-12.017195,-77.090712,Secuestro,2024-04-14 15:14:19.922+00,4
753,-12.073871,-77.086250,Secuestro,2023-11-28 15:14:19.922+00,1
754,-12.098808,-77.049548,Agresión Sexual,2024-09-02 15:14:19.922+00,8
755,-12.068661,-77.078726,Asalto,2024-08-07 15:14:19.922+00,7
756,-12.079762,-77.095991,Robo,2024-03-30 15:14:19.922+00,6
757,-12.094406,-77.013502,Asalto,2024-03-18 15:14:19.922+00,6
758,-12.028475,-77.030156,Homicidio,2024-01-15 15:14:19.922+00,10
759,-12.038703,-77.070689,Homicidio,2023-11-14 15:14:19.922+00,9
760,-12.010339,-77.012041,Agresión Sexual,2024-03-21 15:14:19.922+00,5
761,-12.076025,-77.073373,Robo,2024-09-01 15:14:19.922+00,4
762,-12.057888,-77.031803,Asalto,2024-08-04 15:14:19.922+00,4
763,-12.050024,-77.045514,Robo,2024-09-21 15:14:19.922+00,9
764,-12.043257,-77.041574,Agresión Sexual,2024-06-26 15:14:19.922+00,3
765,-12.035099,-77.021365,Secuestro,2024-02-03 15:14:19.922+00,6
766,-12.003228,-77.074646,Asalto,2024-02-11 15:14:19.922+00,8
767,-12.026404,-77.037570,Asalto,2024-08-28 15:14:19.922+00,7
768,-12.010625,-77.047476,Robo,2024-02-03 15:14:19.922+00,2
769,-12.027172,-77.099818,Secuestro,2024-04-10 15:14:19.922+00,8
770,-12.007174,-77.072197,Robo,2024-07-06 15:14:19.922+00,3
771,-12.028558,-77.028752,Agresión Sexual,2023-12-25 15:14:19.922+00,7
772,-12.073349,-77.008527,Agresión Sexual,2023-11-06 15:14:19.922+00,5
773,-12.021899,-77.039193,Robo,2024-03-27 15:14:19.922+00,5
774,-12.050833,-77.001418,Homicidio,2023-10-18 15:14:19.922+00,3
775,-12.095832,-77.032973,Agresión Sexual,2024-03-03 15:14:19.922+00,6
776,-12.048259,-77.013819,Secuestro,2024-02-14 15:14:19.922+00,10
777,-12.071903,-77.027897,Asalto,2024-03-02 15:14:19.922+00,3
778,-12.035179,-77.088464,Homicidio,2024-08-08 15:14:19.922+00,3
779,-12.045419,-77.002149,Robo,2024-07-20 15:14:19.922+00,7
780,-12.038164,-77.048368,Robo,2024-02-14 15:14:19.922+00,2
781,-12.083420,-77.047589,Asalto,2024-06-17 15:14:19.922+00,10
782,-12.063471,-77.006722,Secuestro,2024-04-01 15:14:19.922+00,4
783,-12.054176,-77.020230,Robo,2024-08-02 15:14:19.922+00,9
784,-12.090505,-77.062846,Secuestro,2023-10-29 15:14:19.922+00,1
785,-12.063056,-77.053448,Homicidio,2024-07-09 15:14:19.922+00,7
786,-12.060400,-77.076871,Robo,2024-01-10 15:14:19.922+00,9
787,-12.020092,-77.072779,Asalto,2023-12-25 15:14:19.922+00,7
788,-12.023908,-77.068687,Secuestro,2023-12-03 15:14:19.922+00,2
789,-12.046452,-77.009138,Agresión Sexual,2024-03-26 15:14:19.922+00,2
790,-12.010285,-77.048944,Homicidio,2023-10-08 15:14:19.922+00,9
791,-12.069139,-77.089305,Homicidio,2024-08-02 15:14:19.922+00,6
792,-12.091386,-77.016345,Asalto,2024-08-29 15:14:19.922+00,1
793,-12.019473,-77.071019,Agresión Sexual,2023-12-28 15:14:19.922+00,2
794,-12.000897,-77.019444,Asalto,2024-02-19 15:14:19.922+00,8
795,-12.093443,-77.055098,Homicidio,2024-05-29 15:14:19.922+00,10
796,-12.020724,-77.076646,Homicidio,2023-12-28 15:14:19.922+00,7
797,-12.046965,-77.057383,Asalto,2023-12-22 15:14:19.922+00,1
798,-12.095909,-77.059211,Homicidio,2024-05-16 15:14:19.922+00,6
799,-12.078815,-77.008539,Homicidio,2023-09-30 15:14:19.922+00,4
800,-12.014152,-77.042704,Asalto,2023-12-01 15:14:19.922+00,2
801,-12.031588,-77.042556,Agresión Sexual,2024-05-20 15:14:19.922+00,8
802,-12.076216,-77.084835,Agresión Sexual,2024-01-21 15:14:19.922+00,10
803,-12.066148,-77.009679,Asalto,2024-01-31 15:14:19.922+00,3
804,-12.056591,-77.019793,Homicidio,2024-08-02 15:14:19.922+00,3
805,-12.008384,-77.073632,Asalto,2024-07-13 15:14:19.922+00,10
806,-12.092321,-77.076076,Secuestro,2024-05-24 15:14:19.922+00,10
807,-12.099861,-77.020483,Robo,2024-03-12 15:14:19.922+00,4
808,-12.068845,-77.013855,Homicidio,2024-01-23 15:14:19.922+00,5
809,-12.035373,-77.099145,Robo,2024-07-22 15:14:19.922+00,6
810,-12.015090,-77.071891,Homicidio,2023-10-14 15:14:19.922+00,7
811,-12.079976,-77.035889,Robo,2023-10-17 15:14:19.922+00,6
812,-12.059764,-77.059630,Agresión Sexual,2024-03-07 15:14:19.922+00,9
813,-12.095887,-77.080092,Agresión Sexual,2024-08-22 15:14:19.922+00,10
814,-12.008935,-77.084559,Robo,2024-01-15 15:14:19.922+00,4
815,-12.070747,-77.036218,Agresión Sexual,2023-10-28 15:14:19.922+00,8
816,-12.006682,-77.008072,Secuestro,2024-06-02 15:14:19.922+00,2
817,-12.057943,-77.039818,Secuestro,2024-01-16 15:14:19.922+00,10
818,-12.052936,-77.033448,Robo,2024-09-10 15:14:19.922+00,4
819,-12.021953,-77.007644,Secuestro,2024-06-28 15:14:19.922+00,9
820,-12.013874,-77.076644,Asalto,2024-01-18 15:14:19.922+00,6
821,-12.063059,-77.032177,Robo,2024-05-18 15:14:19.922+00,1
822,-12.044047,-77.017658,Homicidio,2024-05-26 15:14:19.922+00,9
823,-12.082417,-77.052795,Homicidio,2024-04-20 15:14:19.922+00,5
824,-12.010716,-77.038330,Asalto,2023-09-30 15:14:19.922+00,10
825,-12.028766,-77.080897,Robo,2023-11-27 15:14:19.922+00,5
826,-12.054404,-77.010407,Robo,2023-10-05 15:14:19.922+00,4
827,-12.093221,-77.022151,Asalto,2023-12-04 15:14:19.922+00,3
828,-12.049264,-77.052690,Agresión Sexual,2023-11-28 15:14:19.922+00,6
829,-12.094170,-77.086154,Homicidio,2024-09-10 15:14:19.922+00,7
830,-12.088499,-77.081302,Secuestro,2023-12-17 15:14:19.922+00,9
831,-12.030142,-77.097865,Asalto,2023-10-21 15:14:19.922+00,10
832,-12.033133,-77.093800,Asalto,2024-02-14 15:14:19.922+00,8
833,-12.081896,-77.074934,Homicidio,2024-03-18 15:14:19.922+00,7
834,-12.006627,-77.024554,Homicidio,2024-03-15 15:14:19.922+00,5
835,-12.092244,-77.061384,Homicidio,2024-06-03 15:14:19.922+00,7
836,-12.080628,-77.030776,Agresión Sexual,2024-08-29 15:14:19.922+00,10
837,-12.093969,-77.078766,Homicidio,2024-09-08 15:14:19.922+00,4
838,-12.008466,-77.085584,Homicidio,2023-11-17 15:14:19.922+00,2
839,-12.064623,-77.013814,Agresión Sexual,2024-03-13 15:14:19.922+00,9
840,-12.029014,-77.098952,Robo,2024-06-11 15:14:19.922+00,6
841,-12.045298,-77.051564,Robo,2024-03-14 15:14:19.922+00,6
842,-12.006754,-77.043420,Robo,2023-09-29 15:14:19.922+00,6
843,-12.021484,-77.043539,Agresión Sexual,2024-01-27 15:14:19.922+00,7
844,-12.011588,-77.087528,Homicidio,2023-10-28 15:14:19.922+00,6
845,-12.024955,-77.083850,Secuestro,2024-05-10 15:14:19.922+00,9
846,-12.021746,-77.062407,Asalto,2024-08-25 15:14:19.922+00,6
847,-12.055664,-77.015356,Secuestro,2024-06-20 15:14:19.922+00,4
848,-12.006354,-77.032436,Asalto,2024-03-05 15:14:19.922+00,1
849,-12.075935,-77.027200,Asalto,2024-01-10 15:14:19.922+00,9
850,-12.053586,-77.066089,Homicidio,2024-08-16 15:14:19.922+00,1
851,-12.071747,-77.012134,Secuestro,2024-07-02 15:14:19.922+00,10
852,-12.041243,-77.092278,Robo,2024-09-01 15:14:19.922+00,8
853,-12.057257,-77.054416,Asalto,2023-11-08 15:14:19.922+00,4
854,-12.000083,-77.073509,Agresión Sexual,2024-03-27 15:14:19.922+00,3
855,-12.029144,-77.071206,Secuestro,2024-05-21 15:14:19.922+00,6
856,-12.070782,-77.064375,Asalto,2023-10-26 15:14:19.922+00,4
857,-12.028234,-77.033908,Homicidio,2024-01-17 15:14:19.922+00,8
858,-12.043296,-77.038250,Asalto,2024-09-17 15:14:19.922+00,5
859,-12.003381,-77.058198,Robo,2024-06-20 15:14:19.922+00,4
860,-12.036708,-77.038082,Agresión Sexual,2023-12-15 15:14:19.922+00,3
861,-12.060161,-77.054302,Agresión Sexual,2023-12-08 15:14:19.922+00,8
862,-12.095456,-77.082647,Robo,2024-06-23 15:14:19.922+00,1
863,-12.000112,-77.060133,Homicidio,2024-04-22 15:14:19.922+00,10
864,-12.041114,-77.047633,Asalto,2023-10-27 15:14:19.922+00,4
865,-12.001125,-77.064421,Agresión Sexual,2024-08-24 15:14:19.922+00,2
866,-12.047142,-77.045992,Robo,2024-01-30 15:14:19.922+00,9
867,-12.097076,-77.023316,Robo,2024-01-28 15:14:19.922+00,4
868,-12.049246,-77.082083,Homicidio,2024-02-21 15:14:19.922+00,5
869,-12.097563,-77.073274,Homicidio,2024-09-04 15:14:19.922+00,8
870,-12.003960,-77.065069,Robo,2024-04-05 15:14:19.922+00,7
871,-12.004603,-77.015629,Agresión Sexual,2024-07-12 15:14:19.922+00,6
872,-12.069313,-77.020496,Agresión Sexual,2024-01-17 15:14:19.922+00,9
873,-12.023708,-77.066577,Robo,2024-04-26 15:14:19.922+00,3
874,-12.062800,-77.049766,Agresión Sexual,2023-12-15 15:14:19.922+00,5
875,-12.086569,-77.082298,Secuestro,2023-12-10 15:14:19.922+00,2
876,-12.077558,-77.017460,Secuestro,2024-08-29 15:14:19.922+00,8
877,-12.080486,-77.099853,Secuestro,2024-01-23 15:14:19.922+00,10
878,-12.088109,-77.001383,Secuestro,2023-10-13 15:14:19.922+00,1
879,-12.070824,-77.058285,Agresión Sexual,2024-01-18 15:14:19.922+00,10
880,-12.064735,-77.077061,Robo,2024-08-24 15:14:19.922+00,9
881,-12.092315,-77.013611,Secuestro,2024-07-20 15:14:19.922+00,8
882,-12.012834,-77.059636,Asalto,2024-02-26 15:14:19.922+00,5
883,-12.063009,-77.073178,Homicidio,2024-09-10 15:14:19.922+00,10
884,-12.013006,-77.007509,Homicidio,2024-09-10 15:14:19.922+00,10
885,-12.069921,-77.040299,Robo,2023-12-07 15:14:19.922+00,10
886,-12.082781,-77.027077,Homicidio,2024-08-21 15:14:19.922+00,5
887,-12.038223,-77.072842,Robo,2023-09-24 15:14:19.922+00,9
888,-12.091343,-77.001966,Robo,2024-07-11 15:14:19.922+00,3
889,-12.026783,-77.062146,Robo,2024-05-09 15:14:19.922+00,1
890,-12.025893,-77.022073,Secuestro,2024-01-20 15:14:19.922+00,2
891,-12.058692,-77.010241,Robo,2024-01-04 15:14:19.922+00,3
892,-12.075587,-77.087654,Homicidio,2023-11-23 15:14:19.922+00,6
893,-12.044307,-77.015900,Secuestro,2024-03-15 15:14:19.922+00,7
894,-12.040071,-77.005410,Homicidio,2023-11-01 15:14:19.922+00,10
895,-12.025865,-77.089247,Robo,2024-06-08 15:14:19.922+00,7
896,-12.075643,-77.008940,Asalto,2024-05-16 15:14:19.922+00,9
897,-12.032988,-77.030333,Homicidio,2024-09-15 15:14:19.922+00,5
898,-12.025708,-77.087169,Secuestro,2024-06-17 15:14:19.922+00,2
899,-12.022777,-77.085355,Secuestro,2023-12-20 15:14:19.922+00,8
900,-12.049990,-77.034373,Robo,2024-09-18 15:14:19.922+00,4
901,-12.077740,-77.039088,Asalto,2023-10-19 15:14:19.922+00,8
902,-12.048069,-77.009300,Homicidio,2024-03-07 15:14:19.922+00,7
903,-12.091208,-77.053382,Agresión Sexual,2024-08-04 15:14:19.922+00,4
904,-12.074686,-77.000727,Agresión Sexual,2024-05-08 15:14:19.922+00,1
905,-12.045417,-77.000618,Robo,2023-11-17 15:14:19.922+00,4
906,-12.039416,-77.006279,Robo,2024-03-13 15:14:19.922+00,6
907,-12.048683,-77.097403,Agresión Sexual,2024-01-11 15:14:19.922+00,1
908,-12.096364,-77.040097,Homicidio,2024-02-18 15:14:19.922+00,5
909,-12.050006,-77.006216,Secuestro,2024-03-28 15:14:19.922+00,4
910,-12.000808,-77.056318,Homicidio,2024-03-22 15:14:19.922+00,3
911,-12.043181,-77.059661,Agresión Sexual,2024-05-14 15:14:19.922+00,5
912,-12.076139,-77.047582,Secuestro,2024-04-20 15:14:19.922+00,3
913,-12.038644,-77.080779,Homicidio,2023-11-29 15:14:19.922+00,8
914,-12.056294,-77.069828,Robo,2024-04-30 15:14:19.922+00,9
915,-12.047961,-77.004047,Homicidio,2024-02-17 15:14:19.922+00,10
916,-12.094681,-77.089530,Robo,2024-06-24 15:14:19.922+00,2
917,-12.092809,-77.017643,Homicidio,2023-11-22 15:14:19.922+00,1
918,-12.040081,-77.018312,Secuestro,2024-09-16 15:14:19.922+00,8
919,-12.078764,-77.090388,Robo,2024-05-13 15:14:19.922+00,9
920,-12.014729,-77.071486,Agresión Sexual,2024-03-20 15:14:19.922+00,7
921,-12.020433,-77.070638,Homicidio,2024-04-17 15:14:19.922+00,9
922,-12.069159,-77.024394,Secuestro,2024-08-04 15:14:19.922+00,5
923,-12.060178,-77.011024,Secuestro,2024-09-06 15:14:19.922+00,2
924,-12.033961,-77.099531,Robo,2024-07-10 15:14:19.922+00,3
925,-12.059069,-77.066377,Homicidio,2024-01-21 15:14:19.922+00,1
926,-12.018900,-77.010705,Robo,2024-07-10 15:14:19.922+00,3
927,-12.051031,-77.071625,Robo,2024-03-10 15:14:19.922+00,1
928,-12.096341,-77.016132,Agresión Sexual,2024-04-01 15:14:19.922+00,2
929,-12.077580,-77.056259,Asalto,2024-01-24 15:14:19.922+00,3
930,-12.000586,-77.069526,Secuestro,2024-05-18 15:14:19.922+00,2
931,-12.060488,-77.043595,Robo,2024-01-19 15:14:19.922+00,10
932,-12.026396,-77.032003,Robo,2024-06-04 15:14:19.922+00,2
933,-12.047952,-77.058566,Asalto,2024-09-03 15:14:19.922+00,9
934,-12.007408,-77.007510,Robo,2024-04-26 15:14:19.922+00,3
935,-12.038287,-77.012004,Secuestro,2024-08-24 15:14:19.922+00,8
936,-12.095917,-77.021489,Secuestro,2024-07-15 15:14:19.922+00,5
937,-12.081918,-77.037381,Asalto,2024-08-03 15:14:19.922+00,1
938,-12.060571,-77.018850,Asalto,2024-05-04 15:14:19.922+00,10
939,-12.004467,-77.056980,Robo,2024-04-04 15:14:19.922+00,2
940,-12.049780,-77.097562,Homicidio,2024-07-04 15:14:19.922+00,5
941,-12.034995,-77.060747,Agresión Sexual,2023-12-07 15:14:19.922+00,7
942,-12.053803,-77.011584,Agresión Sexual,2024-04-10 15:14:19.922+00,3
943,-12.016685,-77.059694,Secuestro,2023-09-28 15:14:19.922+00,8
944,-12.077404,-77.008333,Asalto,2024-07-20 15:14:19.922+00,7
945,-12.075759,-77.017324,Robo,2024-06-09 15:14:19.922+00,8
946,-12.068782,-77.085429,Secuestro,2024-04-19 15:14:19.922+00,3
947,-12.094186,-77.035068,Secuestro,2024-03-01 15:14:19.922+00,3
948,-12.053792,-77.026101,Agresión Sexual,2024-05-01 15:14:19.922+00,5
949,-12.056430,-77.011327,Homicidio,2024-01-08 15:14:19.922+00,5
950,-12.075529,-77.092007,Asalto,2024-06-11 15:14:19.922+00,4
951,-12.023472,-77.089369,Robo,2024-01-03 15:14:19.922+00,5
952,-12.083474,-77.077282,Agresión Sexual,2024-07-12 15:14:19.922+00,3
953,-12.043890,-77.080842,Secuestro,2024-01-13 15:14:19.922+00,5
954,-12.022060,-77.019792,Agresión Sexual,2024-04-03 15:14:19.922+00,2
955,-12.045734,-77.092854,Agresión Sexual,2024-08-15 15:14:19.922+00,8
956,-12.079023,-77.083109,Asalto,2024-06-14 15:14:19.922+00,8
957,-12.043733,-77.040685,Agresión Sexual,2024-03-24 15:14:19.922+00,10
958,-12.030326,-77.046336,Asalto,2024-06-15 15:14:19.922+00,1
959,-12.049760,-77.023821,Homicidio,2024-08-20 15:14:19.922+00,5
960,-12.028576,-77.072953,Robo,2024-03-18 15:14:19.922+00,4
961,-12.099536,-77.073511,Agresión Sexual,2024-07-07 15:14:19.922+00,5
962,-12.060761,-77.096136,Secuestro,2024-03-28 15:14:19.922+00,1
963,-12.056760,-77.088963,Agresión Sexual,2023-11-02 15:14:19.922+00,5
964,-12.020140,-77.080117,Robo,2024-07-26 15:14:19.922+00,1
965,-12.081817,-77.071321,Agresión Sexual,2024-05-29 15:14:19.922+00,9
966,-12.065386,-77.017742,Secuestro,2024-04-08 15:14:19.922+00,10
967,-12.000646,-77.000321,Secuestro,2024-04-06 15:14:19.922+00,10
968,-12.031245,-77.029001,Asalto,2024-03-05 15:14:19.922+00,1
969,-12.075016,-77.053965,Asalto,2024-05-31 15:14:19.922+00,8
970,-12.003426,-77.033754,Robo,2024-04-05 15:14:19.922+00,6
971,-12.081179,-77.083203,Homicidio,2023-09-28 15:14:19.922+00,8
972,-12.016680,-77.012213,Asalto,2023-09-23 15:14:19.922+00,8
973,-12.064666,-77.037703,Robo,2023-11-12 15:14:19.922+00,8
974,-12.043562,-77.074863,Secuestro,2024-08-04 15:14:19.922+00,7
975,-12.021951,-77.045597,Secuestro,2024-09-05 15:14:19.922+00,4
976,-12.040692,-77.048858,Asalto,2023-10-14 15:14:19.922+00,4
977,-12.099445,-77.023296,Robo,2024-03-09 15:14:19.922+00,9
978,-12.025150,-77.058115,Homicidio,2023-12-30 15:14:19.922+00,5
979,-12.066341,-77.031297,Homicidio,2023-11-26 15:14:19.922+00,5
980,-12.017470,-77.041621,Asalto,2024-07-09 15:14:19.922+00,2
981,-12.002419,-77.083397,Agresión Sexual,2023-12-09 15:14:19.922+00,10
982,-12.012033,-77.050394,Asalto,2024-05-08 15:14:19.922+00,3
983,-12.033203,-77.016390,Homicidio,2023-12-09 15:14:19.922+00,9
984,-12.016774,-77.061212,Homicidio,2023-11-09 15:14:19.922+00,8
985,-12.092794,-77.027433,Agresión Sexual,2024-06-16 15:14:19.922+00,9
986,-12.059885,-77.047054,Homicidio,2024-02-19 15:14:19.922+00,6
987,-12.033953,-77.050838,Homicidio,2023-09-27 15:14:19.922+00,9
988,-12.001992,-77.068569,Robo,2024-09-03 15:14:19.922+00,6
989,-12.039578,-77.085007,Agresión Sexual,2023-11-01 15:14:19.922+00,2
990,-12.015428,-77.018863,Robo,2023-10-26 15:14:19.922+00,10
991,-12.022219,-77.022194,Agresión Sexual,2023-10-03 15:14:19.922+00,2
992,-12.028656,-77.053461,Asalto,2024-07-02 15:14:19.922+00,4
993,-12.062688,-77.010577,Robo,2024-08-04 15:14:19.922+00,5
994,-12.070720,-77.020714,Asalto,2024-05-18 15:14:19.922+00,7
995,-12.012700,-77.027212,Agresión Sexual,2024-02-24 15:14:19.922+00,2
996,-12.088340,-77.099084,Agresión Sexual,2024-08-24 15:14:19.922+00,3
997,-12.041280,-77.044313,Robo,2023-10-10 15:14:19.922+00,7
998,-12.098142,-77.051544,Robo,2023-11-27 15:14:19.922+00,1
999,-12.070207,-77.024317,Agresión Sexual,2024-01-02 15:14:19.922+00,1
1000,-12.005479,-77.092878,Robo,2024-05-06 15:14:19.922+00,7
1001,-12.010546,-77.081578,Secuestro,2024-08-22 15:14:19.922+00,9
1002,-12.047097,-77.006953,Homicidio,2024-08-22 15:14:19.922+00,6
1003,-12.000879,-77.094759,Robo,2023-12-17 15:14:19.922+00,4
1004,-12.000638,-77.000757,Asalto,2024-09-02 15:14:19.922+00,8
1005,-12.051049,-77.057656,Secuestro,2024-08-17 15:14:19.922+00,2
1006,-12.025621,-77.059097,Secuestro,2023-12-19 15:14:19.922+00,7
1007,-12.096022,-77.089276,Asalto,2024-01-12 15:14:19.922+00,2
1008,-12.045257,-77.087613,Robo,2024-09-01 15:14:19.922+00,4
1009,-12.022196,-77.001629,Homicidio,2024-04-22 15:14:19.922+00,2
1010,-12.086903,-77.019677,Asalto,2024-01-07 15:14:19.922+00,4
1011,-12.043058,-77.074161,Agresión Sexual,2024-06-25 15:14:19.922+00,1
1012,-12.082294,-77.028528,Agresión Sexual,2024-04-06 15:14:19.922+00,7
1013,-12.021680,-77.028601,Secuestro,2023-10-01 15:14:19.922+00,6
1014,-12.052996,-77.092180,Agresión Sexual,2023-11-13 15:14:19.922+00,3
1015,-12.006547,-77.089753,Robo,2024-04-07 15:14:19.922+00,9
1016,-12.029151,-77.083946,Secuestro,2023-12-27 15:14:19.922+00,7
1017,-12.053383,-77.074431,Robo,2023-09-27 15:14:19.922+00,1
1018,-12.021816,-77.086300,Agresión Sexual,2023-11-17 15:14:19.922+00,5
1019,-12.009892,-77.006469,Robo,2024-09-20 15:14:19.922+00,8
1020,-12.061989,-77.036993,Asalto,2024-01-16 15:14:19.922+00,2
1021,-12.082971,-77.043260,Robo,2024-04-25 15:14:19.922+00,5
1022,-12.041687,-77.051286,Agresión Sexual,2024-05-16 15:14:19.922+00,10
1023,-12.064921,-77.051103,Homicidio,2024-03-20 15:14:19.922+00,9
1024,-12.087035,-77.070324,Robo,2024-05-22 15:14:19.922+00,9
1025,-12.011256,-77.013539,Agresión Sexual,2024-02-21 15:14:19.922+00,6
1026,-12.045182,-77.063727,Agresión Sexual,2023-12-16 15:14:19.922+00,2
1027,-12.027304,-77.095612,Asalto,2024-01-27 15:14:19.922+00,6
1028,-12.091655,-77.063942,Agresión Sexual,2024-01-09 15:14:19.922+00,9
1029,-12.090332,-77.009948,Robo,2024-08-31 15:14:19.922+00,9
1030,-12.011706,-77.078456,Secuestro,2024-04-21 15:14:19.922+00,7
1031,-12.049991,-77.004596,Asalto,2024-05-19 15:14:19.922+00,3
1032,-12.016035,-77.043961,Robo,2024-08-17 15:14:19.922+00,4
1033,-12.062877,-77.023197,Homicidio,2024-09-16 15:14:19.922+00,6
1034,-12.097800,-77.064800,Secuestro,2023-10-23 15:14:19.922+00,4
1035,-12.021781,-77.074062,Agresión Sexual,2024-03-21 15:14:19.922+00,4
1036,-12.036715,-77.048877,Robo,2023-11-01 15:14:19.922+00,6
1037,-12.006152,-77.046141,Secuestro,2024-02-06 15:14:19.922+00,3
1038,-12.004786,-77.048157,Agresión Sexual,2024-05-30 15:14:19.922+00,4
1039,-12.003636,-77.040844,Asalto,2024-07-28 15:14:19.922+00,7
1040,-12.097142,-77.076205,Agresión Sexual,2024-05-22 15:14:19.922+00,6
1041,-12.070578,-77.021956,Homicidio,2024-05-10 15:14:19.922+00,10
1042,-12.003211,-77.053070,Secuestro,2023-12-19 15:14:19.922+00,7
1043,-12.056297,-77.074062,Agresión Sexual,2024-06-19 15:14:19.922+00,6
1044,-12.043880,-77.006882,Asalto,2024-04-21 15:14:19.922+00,5
1045,-12.048433,-77.076118,Homicidio,2023-11-17 15:14:19.922+00,3
1046,-12.005891,-77.056091,Asalto,2024-07-07 15:14:19.922+00,9
1047,-12.005546,-77.014847,Robo,2023-10-02 15:14:19.922+00,5
1048,-12.060149,-77.065501,Secuestro,2024-02-26 15:14:19.922+00,9
1049,-12.028040,-77.020196,Asalto,2024-06-27 15:14:19.922+00,1
1050,-12.017352,-77.029555,Asalto,2024-04-19 15:14:19.922+00,7
1051,-12.040375,-77.082331,Robo,2024-01-07 15:14:19.922+00,3
1052,-12.015331,-77.066654,Asalto,2024-09-13 15:14:19.922+00,10
1053,-12.073830,-77.014001,Agresión Sexual,2024-03-10 15:14:19.922+00,9
1054,-12.069653,-77.087983,Agresión Sexual,2024-09-01 15:14:19.922+00,8
1055,-12.087292,-77.027965,Robo,2024-03-04 15:14:19.922+00,9
1056,-12.074784,-77.028551,Agresión Sexual,2024-06-18 15:14:19.922+00,8
1057,-12.027403,-77.004322,Secuestro,2024-08-03 15:14:19.922+00,9
1058,-12.067857,-77.091429,Secuestro,2024-08-03 15:14:19.922+00,3
1059,-12.080644,-77.074043,Homicidio,2024-05-02 15:14:19.922+00,8
1060,-12.090266,-77.086301,Asalto,2024-07-16 15:14:19.922+00,1
1061,-12.067549,-77.021229,Asalto,2024-03-25 15:14:19.922+00,9
1062,-12.048685,-77.088958,Secuestro,2024-05-04 15:14:19.922+00,2
1063,-12.025195,-77.052621,Robo,2024-06-15 15:14:19.922+00,3
1064,-12.064664,-77.031128,Secuestro,2023-12-20 15:14:19.922+00,1
1065,-12.074972,-77.064519,Asalto,2024-02-10 15:14:19.922+00,1
1066,-12.054933,-77.098190,Asalto,2024-02-20 15:14:19.922+00,1
1067,-12.043546,-77.067819,Homicidio,2024-03-16 15:14:19.922+00,2
1068,-12.011868,-77.084933,Robo,2024-02-24 15:14:19.922+00,1
1069,-12.098556,-77.002861,Agresión Sexual,2024-04-02 15:14:19.922+00,7
1070,-12.054967,-77.012886,Homicidio,2023-12-04 15:14:19.922+00,1
1071,-12.075328,-77.027950,Homicidio,2023-10-04 15:14:19.922+00,7
1072,-12.049742,-77.038085,Agresión Sexual,2023-11-28 15:14:19.922+00,10
1073,-12.006663,-77.073796,Secuestro,2023-12-08 15:14:19.922+00,8
1074,-12.044422,-77.096431,Secuestro,2023-10-26 15:14:19.922+00,9
1075,-12.071622,-77.017924,Secuestro,2024-09-02 15:14:19.922+00,1
1076,-12.066758,-77.011627,Agresión Sexual,2023-11-15 15:14:19.922+00,4
1077,-12.061558,-77.026760,Secuestro,2024-05-17 15:14:19.922+00,10
1078,-12.060897,-77.094862,Homicidio,2024-02-15 15:14:19.922+00,4
1079,-12.072682,-77.024459,Agresión Sexual,2024-09-01 15:14:19.922+00,9
1080,-12.095170,-77.079457,Robo,2024-03-15 15:14:19.922+00,5
1081,-12.062755,-77.043523,Robo,2023-12-04 15:14:19.922+00,8
1082,-12.074822,-77.087880,Homicidio,2023-09-28 15:14:19.922+00,7
1083,-12.078403,-77.087439,Robo,2024-02-29 15:14:19.922+00,4
1084,-12.040265,-77.098277,Secuestro,2024-07-18 15:14:19.922+00,8
1085,-12.051935,-77.024209,Homicidio,2024-08-13 15:14:19.922+00,2
1086,-12.045124,-77.037195,Robo,2024-06-30 15:14:19.922+00,9
1087,-12.033605,-77.055275,Homicidio,2024-01-07 15:14:19.922+00,7
1088,-12.021898,-77.012127,Agresión Sexual,2024-05-09 15:14:19.922+00,10
1089,-12.019544,-77.022722,Homicidio,2023-12-23 15:14:19.922+00,3
1090,-12.085142,-77.003631,Secuestro,2024-01-05 15:14:19.922+00,1
1091,-12.058041,-77.028346,Agresión Sexual,2023-11-28 15:14:19.922+00,7
1092,-12.012542,-77.069177,Homicidio,2023-10-28 15:14:19.922+00,8
1093,-12.019114,-77.042021,Secuestro,2023-11-04 15:14:19.922+00,7
1094,-12.051362,-77.050661,Robo,2024-05-15 15:14:19.922+00,9
1095,-12.040502,-77.014770,Homicidio,2023-11-24 15:14:19.922+00,6
1096,-12.030887,-77.002744,Asalto,2024-07-03 15:14:19.922+00,5
1097,-12.074396,-77.021876,Agresión Sexual,2024-01-16 15:14:19.922+00,4
1098,-12.089636,-77.053260,Agresión Sexual,2024-09-02 15:14:19.922+00,7
1099,-12.087061,-77.009600,Homicidio,2024-08-06 15:14:19.922+00,1
1100,-12.080525,-77.066437,Secuestro,2024-01-29 15:14:19.922+00,5
1101,-12.097632,-77.065321,Agresión Sexual,2023-12-31 15:14:19.922+00,10
1102,-12.042035,-77.067803,Agresión Sexual,2024-09-09 15:14:19.922+00,2
1103,-12.094576,-77.032487,Agresión Sexual,2024-08-16 15:14:19.922+00,6
1104,-12.083464,-77.006792,Asalto,2024-07-05 15:14:19.922+00,5
1105,-12.098831,-77.084867,Agresión Sexual,2024-04-08 15:14:19.922+00,6
1106,-12.037502,-77.007867,Agresión Sexual,2023-10-21 15:14:19.922+00,8
1107,-12.023175,-77.090617,Agresión Sexual,2024-05-02 15:14:19.922+00,10
1108,-12.070135,-77.047885,Agresión Sexual,2024-01-17 15:14:19.922+00,7
1109,-12.064106,-77.060528,Robo,2024-04-06 15:14:19.922+00,5
1110,-12.081394,-77.055229,Secuestro,2024-04-15 15:14:19.922+00,9
1111,-12.004076,-77.019823,Homicidio,2024-01-18 15:14:19.922+00,7
1112,-12.086059,-77.013839,Homicidio,2024-09-12 15:14:19.922+00,1
1113,-12.042837,-77.058066,Agresión Sexual,2024-01-03 15:14:19.922+00,9
1114,-12.065005,-77.009558,Homicidio,2023-11-01 15:14:19.922+00,7
1115,-12.013143,-77.021320,Homicidio,2024-05-25 15:14:19.922+00,7
1116,-12.025686,-77.052810,Asalto,2023-11-03 15:14:19.922+00,5
1117,-12.096810,-77.012389,Agresión Sexual,2024-03-03 15:14:19.922+00,3
1118,-12.077997,-77.031572,Homicidio,2023-10-14 15:14:19.922+00,5
1119,-12.086028,-77.046566,Robo,2024-02-23 15:14:19.922+00,9
1120,-12.086668,-77.020765,Asalto,2024-07-25 15:14:19.922+00,10
1121,-12.030406,-77.074303,Robo,2024-06-04 15:14:19.922+00,1
1122,-12.099788,-77.022034,Agresión Sexual,2024-04-01 15:14:19.922+00,8
1123,-12.079664,-77.012139,Homicidio,2024-02-08 15:14:19.922+00,1
1124,-12.028248,-77.055163,Robo,2024-07-15 15:14:19.922+00,10
1125,-12.084212,-77.040018,Secuestro,2024-05-12 15:14:19.922+00,10
1126,-12.025308,-77.067846,Homicidio,2024-05-17 15:14:19.922+00,4
1127,-12.041719,-77.080520,Robo,2024-07-17 15:14:19.922+00,8
1128,-12.043494,-77.084255,Agresión Sexual,2024-02-19 15:14:19.922+00,5
1129,-12.047193,-77.022607,Secuestro,2024-06-11 15:14:19.922+00,2
1130,-12.006839,-77.027150,Homicidio,2023-12-14 15:14:19.922+00,2
1131,-12.013078,-77.075023,Agresión Sexual,2023-10-30 15:14:19.922+00,7
1132,-12.002114,-77.043211,Robo,2024-03-12 15:14:19.922+00,9
1133,-12.019857,-77.063812,Secuestro,2023-10-20 15:14:19.922+00,3
1134,-12.003649,-77.055040,Agresión Sexual,2024-07-18 15:14:19.922+00,4
1135,-12.027290,-77.023874,Homicidio,2024-07-29 15:14:19.922+00,3
1136,-12.002705,-77.068089,Asalto,2024-04-27 15:14:19.922+00,4
1137,-12.029973,-77.024352,Robo,2024-02-14 15:14:19.922+00,6
1138,-12.079143,-77.069507,Asalto,2024-06-30 15:14:19.922+00,6
1139,-12.011695,-77.092679,Agresión Sexual,2023-10-14 15:14:19.922+00,10
1140,-12.033879,-77.060794,Agresión Sexual,2023-09-23 15:14:19.922+00,8
1141,-12.087595,-77.005768,Asalto,2024-08-07 15:14:19.922+00,9
1142,-12.032686,-77.045959,Robo,2024-09-12 15:14:19.922+00,9
1143,-12.086186,-77.036436,Secuestro,2023-12-02 15:14:19.922+00,5
1144,-12.096184,-77.050638,Secuestro,2024-01-20 15:14:19.922+00,3
1145,-12.027615,-77.049708,Asalto,2024-07-14 15:14:19.922+00,7
1146,-12.080430,-77.096705,Agresión Sexual,2023-10-24 15:14:19.922+00,2
1147,-12.085637,-77.065014,Homicidio,2024-03-26 15:14:19.922+00,6
1148,-12.099768,-77.063403,Asalto,2023-12-27 15:14:19.922+00,1
1149,-12.049821,-77.047251,Robo,2023-11-08 15:14:19.922+00,3
1150,-12.049376,-77.050600,Agresión Sexual,2024-06-11 15:14:19.922+00,1
1151,-12.023817,-77.029090,Agresión Sexual,2024-01-13 15:14:19.922+00,1
1152,-12.035730,-77.092610,Secuestro,2023-11-23 15:14:19.922+00,3
1153,-12.051939,-77.051936,Agresión Sexual,2024-03-25 15:14:19.922+00,7
1154,-12.089650,-77.090019,Asalto,2024-07-31 15:14:19.922+00,5
1155,-12.058368,-77.025695,Robo,2024-01-11 15:14:19.922+00,3
1156,-12.021688,-77.062675,Robo,2024-08-24 15:14:19.922+00,6
1157,-12.012884,-77.076272,Secuestro,2024-08-19 15:14:19.922+00,3
1158,-12.056137,-77.071797,Asalto,2024-08-26 15:14:19.922+00,6
1159,-12.028786,-77.039946,Homicidio,2024-04-17 15:14:19.922+00,5
1160,-12.057321,-77.071502,Robo,2024-04-14 15:14:19.922+00,2
1161,-12.047906,-77.029613,Asalto,2024-05-09 15:14:19.922+00,1
1162,-12.027271,-77.092246,Robo,2024-02-27 15:14:19.922+00,1
1163,-12.094086,-77.065316,Agresión Sexual,2024-03-22 15:14:19.922+00,4
1164,-12.040171,-77.043592,Agresión Sexual,2024-09-06 15:14:19.922+00,9
1165,-12.046048,-77.034589,Asalto,2023-11-12 15:14:19.922+00,9
1166,-12.072205,-77.024309,Secuestro,2024-09-10 15:14:19.922+00,2
1167,-12.017021,-77.062069,Secuestro,2024-08-09 15:14:19.922+00,5
1168,-12.096123,-77.087191,Agresión Sexual,2024-02-08 15:14:19.922+00,9
1169,-12.084227,-77.076035,Agresión Sexual,2024-01-12 15:14:19.922+00,5
1170,-12.051935,-77.090125,Agresión Sexual,2023-11-02 15:14:19.922+00,5
1171,-12.064413,-77.050096,Robo,2024-02-06 15:14:19.922+00,4
1172,-12.067627,-77.030473,Homicidio,2024-07-29 15:14:19.922+00,2
1173,-12.089029,-77.058424,Secuestro,2024-05-10 15:14:19.922+00,7
1174,-12.079479,-77.025590,Homicidio,2023-12-19 15:14:19.922+00,4
1175,-12.057750,-77.014816,Robo,2024-08-25 15:14:19.922+00,6
1176,-12.069947,-77.002457,Asalto,2024-07-08 15:14:19.922+00,8
1177,-12.039983,-77.072993,Agresión Sexual,2024-06-05 15:14:19.922+00,9
1178,-12.026415,-77.016447,Agresión Sexual,2024-08-07 15:14:19.922+00,5
1179,-12.088206,-77.040295,Asalto,2024-05-29 15:14:19.922+00,7
1180,-12.080141,-77.041815,Homicidio,2024-05-18 15:14:19.922+00,6
1181,-12.020949,-77.002984,Secuestro,2024-06-03 15:14:19.922+00,1
1182,-12.054705,-77.066434,Homicidio,2024-04-09 15:14:19.922+00,9
1183,-12.054282,-77.024527,Secuestro,2024-03-30 15:14:19.922+00,4
1184,-12.025644,-77.040477,Agresión Sexual,2023-11-14 15:14:19.922+00,8
1185,-12.059098,-77.049863,Homicidio,2024-05-12 15:14:19.922+00,7
1186,-12.030591,-77.003218,Agresión Sexual,2024-02-08 15:14:19.922+00,2
1187,-12.082859,-77.072488,Homicidio,2024-01-25 15:14:19.922+00,2
1188,-12.053394,-77.025758,Asalto,2024-02-19 15:14:19.922+00,1
1189,-12.029596,-77.070143,Homicidio,2023-10-01 15:14:19.922+00,9
1190,-12.072480,-77.059705,Agresión Sexual,2024-03-04 15:14:19.922+00,7
1191,-12.017657,-77.008892,Robo,2024-08-27 15:14:19.922+00,3
1192,-12.064089,-77.088079,Homicidio,2023-12-02 15:14:19.922+00,9
1193,-12.032354,-77.051390,Secuestro,2024-03-30 15:14:19.922+00,5
1194,-12.025183,-77.024574,Agresión Sexual,2024-08-15 15:14:19.922+00,1
1195,-12.088565,-77.008966,Agresión Sexual,2024-09-19 15:14:19.922+00,8
1196,-12.057825,-77.016441,Agresión Sexual,2024-04-17 15:14:19.922+00,4
1197,-12.058587,-77.050673,Homicidio,2024-01-14 15:14:19.922+00,4
1198,-12.049428,-77.009869,Robo,2023-10-23 15:14:19.922+00,6
1199,-12.056242,-77.077515,Agresión Sexual,2024-07-17 15:14:19.922+00,7
1200,-12.091173,-77.013975,Robo,2024-07-01 15:14:19.922+00,4
1201,-12.089707,-77.003113,Secuestro,2024-03-10 15:14:19.922+00,7
1202,-12.051402,-77.015807,Secuestro,2024-01-09 15:14:19.922+00,7
1203,-12.071958,-77.010036,Secuestro,2024-01-08 15:14:19.922+00,5
1204,-12.069146,-77.061418,Agresión Sexual,2024-06-04 15:14:19.922+00,5
1205,-12.085615,-77.031079,Secuestro,2024-06-08 15:14:19.922+00,8
1206,-12.066543,-77.005819,Homicidio,2024-02-09 15:14:19.922+00,4
1207,-12.096859,-77.013867,Robo,2024-08-17 15:14:19.922+00,10
1208,-12.025945,-77.083896,Asalto,2024-06-18 15:14:19.922+00,2
1209,-12.003286,-77.042707,Asalto,2024-06-10 15:14:19.922+00,8
1210,-12.079143,-77.004468,Asalto,2023-11-01 15:14:19.922+00,3
1211,-12.015358,-77.003814,Homicidio,2024-06-03 15:14:19.922+00,4
1212,-12.057143,-77.005193,Agresión Sexual,2024-04-29 15:14:19.922+00,6
1213,-12.050456,-77.067208,Agresión Sexual,2023-10-02 15:14:19.922+00,9
1214,-12.003543,-77.060440,Secuestro,2024-05-09 15:14:19.922+00,4
1215,-12.005495,-77.057563,Agresión Sexual,2024-04-11 15:14:19.922+00,5
1216,-12.057861,-77.068988,Secuestro,2024-08-03 15:14:19.922+00,8
1217,-12.024333,-77.098602,Secuestro,2024-07-07 15:14:19.922+00,6
1218,-12.010837,-77.060804,Asalto,2023-10-03 15:14:19.922+00,5
1219,-12.080994,-77.076786,Homicidio,2024-04-19 15:14:19.922+00,4
1220,-12.076311,-77.030456,Robo,2023-10-23 15:14:19.922+00,3
1221,-12.097297,-77.060155,Asalto,2024-02-07 15:14:19.922+00,10
1222,-12.061889,-77.025573,Secuestro,2023-10-24 15:14:19.922+00,9
1223,-12.029586,-77.051133,Secuestro,2024-09-10 15:14:19.922+00,8
1224,-12.006717,-77.014261,Agresión Sexual,2024-08-17 15:14:19.922+00,6
1225,-12.032078,-77.083345,Secuestro,2024-03-11 15:14:19.922+00,6
1226,-12.092475,-77.063147,Asalto,2024-02-14 15:14:19.922+00,5
1227,-12.031529,-77.083159,Secuestro,2023-10-06 15:14:19.922+00,8
1228,-12.027068,-77.094586,Agresión Sexual,2024-03-12 15:14:19.922+00,6
1229,-12.031614,-77.000264,Homicidio,2023-11-30 15:14:19.922+00,5
1230,-12.069369,-77.062767,Asalto,2024-08-09 15:14:19.922+00,5
1231,-12.063109,-77.084330,Agresión Sexual,2024-01-26 15:14:19.922+00,9
1232,-12.067697,-77.030582,Robo,2024-06-22 15:14:19.922+00,2
1233,-12.005848,-77.002714,Asalto,2023-12-23 15:14:19.922+00,8
1234,-12.000871,-77.003566,Robo,2023-09-26 15:14:19.922+00,8
1235,-12.065073,-77.040030,Agresión Sexual,2024-01-16 15:14:19.922+00,3
1236,-12.019524,-77.023001,Homicidio,2023-11-05 15:14:19.922+00,8
1237,-12.007088,-77.026028,Agresión Sexual,2023-12-25 15:14:19.922+00,1
1238,-12.019319,-77.012171,Asalto,2024-01-30 15:14:19.922+00,7
1239,-12.032668,-77.085905,Asalto,2023-10-12 15:14:19.922+00,7
1240,-12.063992,-77.091479,Secuestro,2024-07-17 15:14:19.922+00,9
1241,-12.006521,-77.043097,Asalto,2023-11-23 15:14:19.922+00,3
1242,-12.046915,-77.063475,Asalto,2024-01-31 15:14:19.922+00,3
1243,-12.099447,-77.099661,Secuestro,2023-11-03 15:14:19.922+00,7
1244,-12.048509,-77.022895,Robo,2023-11-01 15:14:19.922+00,4
1245,-12.019131,-77.097871,Robo,2024-05-17 15:14:19.922+00,5
1246,-12.032672,-77.016430,Homicidio,2024-03-19 15:14:19.922+00,1
1247,-12.029169,-77.057703,Homicidio,2024-04-28 15:14:19.922+00,8
1248,-12.023096,-77.041705,Robo,2024-02-29 15:14:19.922+00,5
1249,-12.037464,-77.094819,Secuestro,2023-12-16 15:14:19.922+00,7
1250,-12.080431,-77.060004,Robo,2024-04-17 15:14:19.922+00,5
1251,-12.087635,-77.007978,Asalto,2024-09-21 15:14:19.922+00,7
1252,-12.073651,-77.000459,Asalto,2023-10-07 15:14:19.922+00,4
1253,-12.026751,-77.001109,Agresión Sexual,2023-10-24 15:14:19.922+00,9
1254,-12.022616,-77.001641,Secuestro,2023-12-07 15:14:19.922+00,5
1255,-12.076817,-77.038255,Robo,2024-02-08 15:14:19.922+00,2
1256,-12.009909,-77.009693,Secuestro,2024-02-28 15:14:19.922+00,6
1257,-12.007333,-77.047381,Asalto,2024-04-08 15:14:19.922+00,3
1258,-12.089852,-77.054515,Robo,2023-11-04 15:14:19.922+00,10
1259,-12.031983,-77.039695,Asalto,2024-09-04 15:14:19.922+00,10
1260,-12.002048,-77.060110,Homicidio,2024-04-11 15:14:19.922+00,9
1261,-12.049498,-77.079836,Homicidio,2023-12-11 15:14:19.922+00,6
1262,-12.016223,-77.004953,Asalto,2024-02-26 15:14:19.922+00,5
1263,-12.000941,-77.025337,Homicidio,2024-08-10 15:14:19.922+00,2
1264,-12.028719,-77.006761,Asalto,2024-06-28 15:14:19.922+00,5
1265,-12.065237,-77.050025,Homicidio,2023-12-24 15:14:19.922+00,6
1266,-12.002877,-77.052009,Robo,2024-06-03 15:14:19.922+00,8
1267,-12.039903,-77.073748,Secuestro,2024-05-16 15:14:19.922+00,10
1268,-12.048746,-77.067318,Asalto,2023-12-06 15:14:19.922+00,5
1269,-12.083518,-77.060851,Secuestro,2024-01-29 15:14:19.922+00,3
1270,-12.025335,-77.080529,Secuestro,2024-04-30 15:14:19.922+00,3
1271,-12.038984,-77.022254,Agresión Sexual,2024-02-02 15:14:19.922+00,2
1272,-12.098959,-77.008451,Asalto,2024-08-21 15:14:19.922+00,8
1273,-12.067694,-77.077383,Homicidio,2023-12-08 15:14:19.922+00,3
1274,-12.033624,-77.057566,Asalto,2024-05-29 15:14:19.922+00,7
1275,-12.051652,-77.058629,Agresión Sexual,2024-03-01 15:14:19.922+00,10
1276,-12.095097,-77.070156,Homicidio,2023-09-29 15:14:19.922+00,9
1277,-12.014193,-77.095430,Robo,2024-04-16 15:14:19.922+00,1
1278,-12.028926,-77.031397,Asalto,2023-11-06 15:14:19.922+00,1
1279,-12.053303,-77.091209,Homicidio,2024-01-03 15:14:19.922+00,7
1280,-12.083678,-77.081668,Robo,2023-12-27 15:14:19.922+00,10
1281,-12.042905,-77.021684,Homicidio,2023-12-06 15:14:19.922+00,6
1282,-12.049237,-77.097633,Asalto,2023-10-20 15:14:19.922+00,6
1283,-12.002845,-77.032242,Agresión Sexual,2024-04-29 15:14:19.922+00,3
1284,-12.008808,-77.008669,Secuestro,2024-01-28 15:14:19.922+00,8
1285,-12.080766,-77.002750,Secuestro,2024-05-12 15:14:19.922+00,4
1286,-12.043523,-77.080484,Agresión Sexual,2024-05-02 15:14:19.922+00,10
1287,-12.096172,-77.080455,Secuestro,2024-03-29 15:14:19.922+00,9
1288,-12.000198,-77.050247,Agresión Sexual,2024-02-16 15:14:19.922+00,7
1289,-12.020236,-77.003328,Robo,2023-12-16 15:14:19.922+00,9
1290,-12.061330,-77.099641,Asalto,2024-06-17 15:14:19.922+00,4
1291,-12.082593,-77.084639,Asalto,2023-10-13 15:14:19.922+00,4
1292,-12.086607,-77.071397,Asalto,2024-04-29 15:14:19.922+00,4
1293,-12.092485,-77.013888,Agresión Sexual,2023-12-24 15:14:19.922+00,6
1294,-12.007743,-77.091448,Asalto,2024-03-31 15:14:19.922+00,8
1295,-12.080123,-77.064376,Secuestro,2023-12-27 15:14:19.922+00,10
1296,-12.071278,-77.062751,Homicidio,2024-03-29 15:14:19.922+00,10
1297,-12.033291,-77.030435,Robo,2024-03-12 15:14:19.922+00,9
1298,-12.041334,-77.007673,Agresión Sexual,2024-06-25 15:14:19.922+00,7
1299,-12.025990,-77.035405,Secuestro,2024-08-16 15:14:19.922+00,5
1300,-12.019474,-77.093853,Agresión Sexual,2023-11-26 15:14:19.922+00,9
1301,-12.088743,-77.077473,Asalto,2024-08-09 15:14:19.922+00,6
1302,-12.009461,-77.085016,Secuestro,2024-01-06 15:14:19.922+00,2
1303,-12.047478,-77.043204,Secuestro,2024-07-09 15:14:19.922+00,8
1304,-12.003337,-77.058483,Asalto,2023-12-18 15:14:19.922+00,10
1305,-12.078044,-77.012484,Secuestro,2024-08-19 15:14:19.922+00,4
1306,-12.068624,-77.050195,Robo,2023-12-11 15:14:19.922+00,10
1307,-12.087276,-77.020122,Asalto,2024-04-12 15:14:19.922+00,2
1308,-12.025037,-77.039424,Homicidio,2024-07-17 15:14:19.922+00,3
1309,-12.080188,-77.082424,Robo,2023-12-03 15:14:19.922+00,10
1310,-12.000979,-77.049498,Secuestro,2024-08-02 15:14:19.922+00,3
1311,-12.088707,-77.016840,Secuestro,2024-04-03 15:14:19.922+00,4
1312,-12.059392,-77.055537,Agresión Sexual,2024-05-22 15:14:19.922+00,3
1313,-12.043785,-77.097191,Robo,2024-08-17 15:14:19.922+00,5
1314,-12.029226,-77.051216,Secuestro,2023-12-07 15:14:19.922+00,5
1315,-12.032028,-77.086493,Secuestro,2023-10-07 15:14:19.922+00,5
1316,-12.057964,-77.085668,Agresión Sexual,2024-06-17 15:14:19.922+00,5
1317,-12.080005,-77.033565,Secuestro,2024-04-30 15:14:19.922+00,8
1318,-12.079277,-77.030240,Asalto,2024-07-28 15:14:19.922+00,9
1319,-12.021938,-77.001343,Agresión Sexual,2024-01-17 15:14:19.922+00,8
1320,-12.094919,-77.086030,Robo,2023-12-11 15:14:19.922+00,3
1321,-12.099015,-77.085348,Secuestro,2023-09-26 15:14:19.922+00,9
1322,-12.056740,-77.080734,Asalto,2024-03-13 15:14:19.922+00,2
1323,-12.025458,-77.019586,Asalto,2024-01-28 15:14:19.922+00,7
1324,-12.067126,-77.093237,Homicidio,2024-09-09 15:14:19.922+00,2
1325,-12.033237,-77.053712,Asalto,2024-08-04 15:14:19.922+00,1
1326,-12.052182,-77.091701,Secuestro,2023-12-27 15:14:19.922+00,3
1327,-12.096962,-77.010103,Agresión Sexual,2024-02-18 15:14:19.922+00,2
1328,-12.090472,-77.027018,Secuestro,2024-09-19 15:14:19.922+00,9
1329,-12.013413,-77.084125,Robo,2024-08-09 15:14:19.922+00,3
1330,-12.076514,-77.023599,Agresión Sexual,2023-11-09 15:14:19.922+00,7
1331,-12.062776,-77.044332,Robo,2024-03-10 15:14:19.922+00,4
1332,-12.042514,-77.003975,Secuestro,2024-06-30 15:14:19.922+00,5
1333,-12.066826,-77.018011,Agresión Sexual,2024-01-05 15:14:19.922+00,3
1334,-12.082236,-77.040150,Agresión Sexual,2024-06-21 15:14:19.922+00,4
1335,-12.017546,-77.086658,Asalto,2024-09-15 15:14:19.922+00,1
1336,-12.057606,-77.080848,Asalto,2024-03-07 15:14:19.922+00,4
1337,-12.048213,-77.071003,Agresión Sexual,2023-11-19 15:14:19.922+00,10
1338,-12.099845,-77.047447,Asalto,2024-03-18 15:14:19.922+00,9
1339,-12.045343,-77.073305,Robo,2024-01-14 15:14:19.922+00,6
1340,-12.079432,-77.080018,Secuestro,2024-07-17 15:14:19.922+00,7
1341,-12.068228,-77.036773,Agresión Sexual,2024-09-20 15:14:19.922+00,1
1342,-12.007227,-77.089821,Asalto,2024-04-04 15:14:19.922+00,7
1343,-12.000485,-77.049581,Secuestro,2024-08-06 15:14:19.922+00,3
1344,-12.000392,-77.068150,Secuestro,2024-02-04 15:14:19.922+00,6
1345,-12.082950,-77.013888,Secuestro,2024-07-11 15:14:19.922+00,1
1346,-12.089494,-77.033474,Secuestro,2024-03-11 15:14:19.922+00,9
1347,-12.039506,-77.054800,Robo,2024-04-14 15:14:19.922+00,3
1348,-12.009729,-77.089810,Asalto,2024-07-13 15:14:19.922+00,2
1349,-12.078352,-77.018533,Secuestro,2023-10-10 15:14:19.922+00,10
1350,-12.095663,-77.063182,Agresión Sexual,2024-06-26 15:14:19.922+00,6
1351,-12.093937,-77.059303,Homicidio,2024-02-14 15:14:19.922+00,8
1352,-12.025192,-77.005022,Homicidio,2024-07-04 15:14:19.922+00,9
1353,-12.046010,-77.048797,Homicidio,2024-06-12 15:14:19.922+00,7
1354,-12.068732,-77.078252,Secuestro,2024-01-04 15:14:19.922+00,1
1355,-12.011901,-77.057504,Homicidio,2024-06-23 15:14:19.922+00,9
1356,-12.041470,-77.048972,Secuestro,2024-03-03 15:14:19.922+00,3
1357,-12.004491,-77.006641,Robo,2023-10-13 15:14:19.922+00,9
1358,-12.058925,-77.085237,Asalto,2024-05-12 15:14:19.922+00,4
1359,-12.036477,-77.072494,Asalto,2024-04-09 15:14:19.922+00,10
1360,-12.054635,-77.092757,Homicidio,2024-07-22 15:14:19.922+00,2
1361,-12.030825,-77.024681,Homicidio,2024-07-22 15:14:19.922+00,6
1362,-12.091166,-77.073709,Asalto,2024-08-19 15:14:19.922+00,4
1363,-12.058058,-77.080042,Homicidio,2024-06-26 15:14:19.922+00,6
1364,-12.016933,-77.013551,Robo,2023-10-13 15:14:19.922+00,1
1365,-12.065671,-77.072123,Secuestro,2024-09-21 15:14:19.922+00,10
1366,-12.060594,-77.079033,Agresión Sexual,2023-10-13 15:14:19.922+00,5
1367,-12.012923,-77.022884,Agresión Sexual,2024-02-11 15:14:19.922+00,3
1368,-12.073090,-77.095633,Asalto,2024-05-26 15:14:19.922+00,3
1369,-12.090927,-77.054546,Homicidio,2024-06-23 15:14:19.922+00,6
1370,-12.030418,-77.006715,Asalto,2024-08-26 15:14:19.922+00,2
1371,-12.052669,-77.035029,Homicidio,2024-07-14 15:14:19.922+00,8
1372,-12.002702,-77.096605,Asalto,2024-06-28 15:14:19.922+00,4
1373,-12.069695,-77.089690,Homicidio,2024-01-19 15:14:19.922+00,4
1374,-12.030435,-77.076607,Robo,2024-02-27 15:14:19.922+00,5
1375,-12.027898,-77.075834,Agresión Sexual,2024-08-13 15:14:19.922+00,3
1376,-12.051910,-77.043857,Asalto,2024-08-30 15:14:19.922+00,2
1377,-12.038672,-77.092683,Secuestro,2024-06-08 15:14:19.922+00,4
1378,-12.095566,-77.096446,Homicidio,2024-02-13 15:14:19.922+00,5
1379,-12.028195,-77.027978,Asalto,2024-03-05 15:14:19.922+00,7
1380,-12.077530,-77.002312,Homicidio,2024-06-23 15:14:19.922+00,7
1381,-12.033443,-77.073098,Asalto,2024-09-05 15:14:19.922+00,4
1382,-12.017178,-77.093538,Secuestro,2023-10-05 15:14:19.922+00,10
1383,-12.039030,-77.004702,Secuestro,2024-07-28 15:14:19.922+00,7
1384,-12.018018,-77.026160,Robo,2024-02-23 15:14:19.922+00,4
1385,-12.004848,-77.095497,Agresión Sexual,2024-08-26 15:14:19.922+00,4
1386,-12.058205,-77.029887,Asalto,2023-10-15 15:14:19.922+00,4
1387,-12.038403,-77.056851,Agresión Sexual,2023-12-08 15:14:19.922+00,8
1388,-12.084452,-77.026036,Homicidio,2024-02-21 15:14:19.922+00,8
1389,-12.062172,-77.058238,Agresión Sexual,2024-07-04 15:14:19.922+00,1
1390,-12.083520,-77.026518,Homicidio,2023-09-24 15:14:19.922+00,1
1391,-12.021743,-77.045694,Robo,2023-09-23 15:14:19.922+00,9
1392,-12.088029,-77.096983,Secuestro,2024-05-20 15:14:19.922+00,2
1393,-12.035751,-77.092271,Robo,2023-09-27 15:14:19.922+00,5
1394,-12.034082,-77.098917,Agresión Sexual,2024-01-07 15:14:19.922+00,6
1395,-12.092021,-77.088768,Asalto,2024-05-11 15:14:19.922+00,2
1396,-12.092102,-77.007366,Agresión Sexual,2024-06-21 15:14:19.922+00,7
1397,-12.077523,-77.027566,Robo,2024-07-17 15:14:19.922+00,1
1398,-12.032130,-77.044439,Robo,2023-11-05 15:14:19.922+00,6
1399,-12.056774,-77.061302,Secuestro,2023-10-26 15:14:19.922+00,3
1400,-12.084792,-77.047219,Secuestro,2024-09-18 15:14:19.922+00,5
1401,-12.022958,-77.035710,Asalto,2024-01-23 15:14:19.922+00,5
1402,-12.034973,-77.074978,Secuestro,2024-02-04 15:14:19.922+00,4
1403,-12.063424,-77.082052,Robo,2024-07-28 15:14:19.922+00,10
1404,-12.083277,-77.096568,Robo,2024-07-24 15:14:19.922+00,8
1405,-12.073008,-77.017358,Homicidio,2024-01-22 15:14:19.922+00,8
1406,-12.080752,-77.087716,Agresión Sexual,2024-06-20 15:14:19.922+00,6
1407,-12.006627,-77.016735,Secuestro,2024-09-16 15:14:19.922+00,9
1408,-12.045929,-77.099520,Secuestro,2024-05-11 15:14:19.922+00,5
1409,-12.021494,-77.052949,Robo,2023-12-30 15:14:19.922+00,8
1410,-12.030064,-77.017994,Robo,2024-07-05 15:14:19.922+00,4
1411,-12.088470,-77.032099,Secuestro,2024-01-18 15:14:19.922+00,2
1412,-12.039144,-77.089814,Agresión Sexual,2024-01-23 15:14:19.922+00,6
1413,-12.098397,-77.025086,Agresión Sexual,2024-08-17 15:14:19.922+00,7
1414,-12.025096,-77.085675,Asalto,2024-04-29 15:14:19.922+00,8
1415,-12.098555,-77.061647,Secuestro,2024-05-14 15:14:19.922+00,8
1416,-12.057212,-77.053843,Secuestro,2023-12-06 15:14:19.922+00,6
1417,-12.073580,-77.089444,Secuestro,2024-03-25 15:14:19.922+00,2
1418,-12.087728,-77.067357,Secuestro,2024-02-01 15:14:19.922+00,1
1419,-12.035869,-77.035836,Secuestro,2024-07-19 15:14:19.922+00,2
1420,-12.092108,-77.029570,Asalto,2024-08-21 15:14:19.922+00,8
1421,-12.026083,-77.031372,Homicidio,2024-06-21 15:14:19.922+00,10
1422,-12.071327,-77.039785,Agresión Sexual,2024-05-02 15:14:19.922+00,9
1423,-12.015551,-77.061450,Secuestro,2024-04-15 15:14:19.922+00,9
1424,-12.098817,-77.022618,Secuestro,2024-06-26 15:14:19.922+00,9
1425,-12.000332,-77.066310,Agresión Sexual,2024-01-21 15:14:19.922+00,6
1426,-12.097445,-77.023381,Homicidio,2024-04-22 15:14:19.922+00,4
1427,-12.025783,-77.038398,Secuestro,2024-04-28 15:14:19.922+00,6
1428,-12.006617,-77.061415,Homicidio,2024-01-29 15:14:19.922+00,3
1429,-12.044363,-77.009769,Asalto,2024-06-19 15:14:19.922+00,5
1430,-12.090928,-77.046652,Homicidio,2024-07-21 15:14:19.922+00,4
1431,-12.044111,-77.058283,Homicidio,2024-08-02 15:14:19.922+00,9
1432,-12.037147,-77.089431,Homicidio,2024-03-14 15:14:19.922+00,3
1433,-12.026146,-77.060921,Agresión Sexual,2023-12-04 15:14:19.922+00,5
1434,-12.072765,-77.064259,Secuestro,2023-10-02 15:14:19.922+00,1
1435,-12.010143,-77.024529,Asalto,2023-09-30 15:14:19.922+00,5
1436,-12.017383,-77.087618,Robo,2024-02-23 15:14:19.922+00,10
1437,-12.061410,-77.027684,Robo,2023-11-01 15:14:19.922+00,6
1438,-12.074342,-77.039648,Homicidio,2024-06-19 15:14:19.922+00,5
1439,-12.047390,-77.095538,Agresión Sexual,2024-08-22 15:14:19.922+00,10
1440,-12.043156,-77.089589,Agresión Sexual,2024-07-16 15:14:19.922+00,4
1441,-12.011492,-77.055166,Asalto,2023-10-29 15:14:19.922+00,4
1442,-12.069417,-77.030608,Agresión Sexual,2024-09-16 15:14:19.922+00,8
1443,-12.004528,-77.027904,Robo,2024-03-30 15:14:19.922+00,2
1444,-12.022462,-77.041098,Homicidio,2024-01-21 15:14:19.922+00,10
1445,-12.026962,-77.005967,Robo,2024-01-18 15:14:19.922+00,7
1446,-12.037696,-77.054829,Homicidio,2023-11-08 15:14:19.922+00,3
1447,-12.047235,-77.036830,Homicidio,2024-04-23 15:14:19.922+00,1
1448,-12.086989,-77.052740,Homicidio,2024-02-14 15:14:19.922+00,9
1449,-12.088521,-77.054217,Robo,2024-02-22 15:14:19.922+00,2
1450,-12.025188,-77.014259,Secuestro,2024-01-04 15:14:19.922+00,6
1451,-12.057423,-77.094752,Homicidio,2024-02-01 15:14:19.922+00,2
1452,-12.050237,-77.023419,Homicidio,2024-08-13 15:14:19.922+00,6
1453,-12.053683,-77.005938,Asalto,2023-12-21 15:14:19.922+00,8
1454,-12.038310,-77.013073,Secuestro,2023-11-14 15:14:19.922+00,4
1455,-12.098143,-77.051513,Secuestro,2024-04-08 15:14:19.922+00,1
1456,-12.034566,-77.073881,Robo,2023-12-03 15:14:19.922+00,8
1457,-12.052662,-77.038290,Homicidio,2023-11-08 15:14:19.922+00,10
1458,-12.037020,-77.080503,Agresión Sexual,2023-11-14 15:14:19.922+00,4
1459,-12.053729,-77.017273,Agresión Sexual,2024-02-27 15:14:19.922+00,1
1460,-12.080993,-77.005722,Asalto,2024-07-02 15:14:19.922+00,8
1461,-12.010780,-77.037080,Agresión Sexual,2023-12-08 15:14:19.922+00,4
1462,-12.013072,-77.027876,Robo,2024-06-18 15:14:19.922+00,4
1463,-12.030439,-77.080983,Asalto,2024-03-30 15:14:19.922+00,7
1464,-12.041638,-77.043803,Asalto,2023-10-20 15:14:19.922+00,8
1465,-12.017793,-77.010825,Robo,2023-11-29 15:14:19.922+00,3
1466,-12.076586,-77.061172,Asalto,2023-11-04 15:14:19.922+00,6
1467,-12.055637,-77.064434,Asalto,2024-02-05 15:14:19.922+00,1
1468,-12.073860,-77.045567,Agresión Sexual,2024-03-05 15:14:19.922+00,8
1469,-12.051724,-77.021721,Robo,2024-03-02 15:14:19.922+00,7
1470,-12.064864,-77.099932,Agresión Sexual,2024-07-08 15:14:19.922+00,6
1471,-12.061662,-77.056002,Robo,2024-01-20 15:14:19.922+00,2
1472,-12.063472,-77.007681,Agresión Sexual,2024-07-10 15:14:19.922+00,5
1473,-12.036390,-77.020690,Agresión Sexual,2024-06-15 15:14:19.922+00,1
1474,-12.087579,-77.076970,Asalto,2024-06-03 15:14:19.922+00,5
1475,-12.061432,-77.029682,Homicidio,2024-03-29 15:14:19.922+00,7
1476,-12.007137,-77.068941,Secuestro,2024-09-09 15:14:19.922+00,7
1477,-12.031600,-77.038488,Asalto,2024-08-19 15:14:19.922+00,5
1478,-12.046511,-77.048185,Secuestro,2023-11-10 15:14:19.922+00,10
1479,-12.020406,-77.066316,Robo,2024-03-24 15:14:19.922+00,5
1480,-12.078570,-77.043506,Secuestro,2023-09-29 15:14:19.922+00,9
1481,-12.068387,-77.045884,Robo,2023-09-24 15:14:19.922+00,6
1482,-12.088896,-77.010580,Robo,2024-02-02 15:14:19.922+00,3
1483,-12.097763,-77.042724,Asalto,2024-04-11 15:14:19.922+00,8
1484,-12.067470,-77.028029,Secuestro,2024-07-11 15:14:19.922+00,6
1485,-12.044421,-77.041368,Agresión Sexual,2024-08-26 15:14:19.922+00,6
1486,-12.058458,-77.069223,Homicidio,2024-02-01 15:14:19.922+00,6
1487,-12.073603,-77.040787,Homicidio,2023-10-02 15:14:19.922+00,1
1488,-12.021562,-77.003301,Agresión Sexual,2023-12-21 15:14:19.922+00,3
1489,-12.076608,-77.026048,Robo,2024-01-02 15:14:19.922+00,1
1490,-12.059371,-77.016346,Secuestro,2024-02-23 15:14:19.922+00,7
1491,-12.064050,-77.062757,Agresión Sexual,2023-09-28 15:14:19.922+00,10
1492,-12.096172,-77.046045,Agresión Sexual,2023-12-31 15:14:19.922+00,9
1493,-12.043522,-77.080850,Asalto,2023-10-04 15:14:19.922+00,8
1494,-12.049846,-77.046533,Homicidio,2024-05-12 15:14:19.922+00,8
1495,-12.097862,-77.097759,Agresión Sexual,2024-07-12 15:14:19.922+00,7
1496,-12.053287,-77.071346,Homicidio,2024-09-17 15:14:19.922+00,3
1497,-12.021683,-77.047351,Homicidio,2024-03-27 15:14:19.922+00,1
1498,-12.057057,-77.084172,Agresión Sexual,2024-03-21 15:14:19.922+00,8
1499,-12.069366,-77.030629,Asalto,2024-04-06 15:14:19.922+00,10
1500,-12.081323,-77.046429,Asalto,2024-02-20 15:14:19.922+00,2
1501,-12.095234,-77.071058,Robo,2024-07-31 15:14:19.922+00,2
1502,-12.007100,-77.083993,Robo,2024-08-27 15:14:19.922+00,9
1503,-12.044497,-77.023812,Homicidio,2023-10-18 15:14:19.922+00,5
1504,-12.020381,-77.095586,Robo,2024-03-30 15:14:19.922+00,9
1505,-12.098411,-77.061610,Robo,2024-06-12 15:14:19.922+00,1
1506,-12.083794,-77.084104,Homicidio,2024-06-18 15:14:19.922+00,9
1507,-12.091764,-77.066677,Secuestro,2024-02-23 15:14:19.922+00,9
1508,-12.071946,-77.097175,Agresión Sexual,2023-11-14 15:14:19.922+00,5
1509,-12.098875,-77.040260,Robo,2024-04-25 15:14:19.922+00,10
1510,-12.057164,-77.093569,Secuestro,2024-08-04 15:14:19.922+00,6
1511,-12.095402,-77.033694,Agresión Sexual,2024-05-08 15:14:19.922+00,4
1512,-12.008566,-77.023801,Homicidio,2024-07-30 15:14:19.922+00,4
1513,-12.086612,-77.026123,Robo,2024-08-24 15:14:19.922+00,5
1514,-12.068621,-77.049958,Secuestro,2024-09-16 15:14:19.922+00,9
1515,-12.075886,-77.013221,Agresión Sexual,2023-11-27 15:14:19.922+00,9
1516,-12.035028,-77.046511,Agresión Sexual,2024-01-09 15:14:19.922+00,1
1517,-12.037879,-77.049728,Agresión Sexual,2024-06-30 15:14:19.922+00,10
1518,-12.020872,-77.037346,Agresión Sexual,2024-05-03 15:14:19.922+00,6
1519,-12.037496,-77.052836,Robo,2023-11-27 15:14:19.922+00,7
1520,-12.097276,-77.004362,Agresión Sexual,2023-10-17 15:14:19.922+00,9
1521,-12.008074,-77.085905,Agresión Sexual,2024-05-24 15:14:19.922+00,6
1522,-12.080504,-77.015138,Homicidio,2024-06-19 15:14:19.922+00,8
1523,-12.008121,-77.051477,Secuestro,2023-11-02 15:14:19.922+00,3
1524,-12.071990,-77.053294,Robo,2024-02-09 15:14:19.922+00,2
1525,-12.034389,-77.082942,Secuestro,2024-07-01 15:14:19.922+00,3
1526,-12.082672,-77.023135,Secuestro,2023-11-12 15:14:19.922+00,2
1527,-12.040910,-77.034287,Secuestro,2024-09-20 15:14:19.922+00,4
1528,-12.011817,-77.026079,Asalto,2024-01-20 15:14:19.922+00,5
1529,-12.088838,-77.053859,Homicidio,2024-07-21 15:14:19.922+00,8
1530,-12.027897,-77.068750,Robo,2024-02-19 15:14:19.922+00,2
1531,-12.063328,-77.059551,Asalto,2023-10-06 15:14:19.922+00,10
1532,-12.005265,-77.073226,Agresión Sexual,2023-12-31 15:14:19.922+00,8
